FromNodeId,ToNodeId
1,2
1,4
1,5
1,15
2,11
2,12
2,13
2,14
3,63
3,64
3,65
3,66
3,67
4,7
4,16
4,17
4,18
4,19
5,6
5,7
5,8
5,9
5,10
6,5
6,7
6,8
6,9
6,20
7,5
7,8
7,9
7,30
7,290
8,13
8,21
8,22
8,23
8,24
10,5
10,7
10,137
10,138
10,139
11,6
11,9
11,20
11,25
11,26
12,260
12,261
12,262
12,263
12,264
13,20
13,21
13,23
13,140
13,141
14,13
14,21
14,27
14,28
14,29
15,68
15,69
15,70
15,71
15,72
16,4
16,7
16,19
16,73
16,75
17,6
17,7
17,8
17,30
17,31
18,32
18,33
18,34
18,35
18,36
19,4
19,16
19,73
19,74
19,75
20,6
20,7
20,8
20,23
20,30
21,13
21,23
21,28
21,77
21,164
22,8
22,23
22,37
22,38
22,39
23,8
23,13
23,20
23,111
23,142
24,40
24,41
24,42
24,43
24,44
25,11
25,45
25,46
25,47
26,11
26,265
26,266
26,267
26,268
27,13
27,21
27,76
27,77
27,78
28,20
28,79
28,80
28,81
28,82
29,143
29,144
29,145
29,146
29,147
30,8
30,9
30,48
30,49
30,50
31,9
31,17
31,83
31,84
31,85
32,18
32,51
32,148
32,149
32,150
33,56
33,93
33,94
33,95
33,151
34,18
34,32
34,51
34,52
34,53
35,18
35,33
35,54
35,55
35,56
36,18
36,152
36,153
36,154
36,155
37,8
37,22
37,23
37,97
37,269
38,22
38,270
38,271
38,272
38,273
39,22
39,37
39,38
39,86
39,87
40,8
40,24
40,41
40,42
40,43
41,24
41,40
41,42
41,43
41,44
42,8
42,24
42,40
42,41
42,43
43,24
43,40
43,41
43,42
43,44
44,24
44,40
44,41
44,42
44,43
45,11
45,25
45,46
45,59
45,88
46,11
46,25
46,45
46,59
46,88
47,11
47,25
47,57
47,58
47,59
48,30
48,49
48,156
48,157
48,158
49,30
49,48
49,156
49,157
49,158
50,9
50,30
50,49
50,89
50,90
51,18
51,32
51,34
51,154
51,274
52,34
52,275
52,276
52,277
52,278
53,35
53,54
53,60
53,61
53,62
54,35
54,53
54,60
54,84
54,159
55,35
55,53
55,54
55,91
55,92
56,33
56,93
56,94
56,95
56,96
57,11
57,25
57,47
57,59
57,88
58,11
58,25
58,45
58,47
58,59
59,11
59,25
59,45
59,46
59,88
60,53
60,54
60,159
60,160
60,161
61,35
61,53
61,159
61,162
61,163
62,35
62,53
62,54
62,60
62,159
63,30
63,64
63,97
63,98
63,99
64,63
64,66
64,98
64,279
64,280
65,63
65,66
65,99
65,100
65,101
66,63
66,64
66,65
66,418
66,419
67,30
67,63
67,98
67,118
67,281
69,15
69,72
69,105
69,106
69,420
70,15
70,71
70,102
70,103
70,421
71,15
71,70
71,102
71,103
71,104
72,15
72,69
72,105
72,106
72,107
73,4
73,16
73,19
73,74
73,108
74,4
74,16
74,19
74,73
74,282
75,4
75,16
75,19
75,109
75,110
76,121
76,283
76,284
76,285
76,286
77,28
77,422
77,423
77,424
77,425
78,20
78,23
78,111
78,112
78,113
79,13
79,28
79,81
79,82
79,164
80,8
80,28
80,82
80,97
80,426
81,28
81,285
81,287
81,288
81,289
82,80
82,290
82,291
82,292
82,293
83,17
83,31
83,165
83,166
83,167
84,18
84,31
84,54
84,427
84,428
85,17
85,31
85,168
85,169
85,170
86,22
86,38
86,39
86,87
86,171
87,37
87,39
87,86
87,114
87,115
88,11
88,25
88,45
88,46
88,59
89,30
89,49
89,50
89,90
89,294
90,48
90,50
90,89
90,172
90,173
91,35
91,55
91,92
91,295
91,296
92,35
92,55
92,91
92,295
92,296
93,33
93,56
93,94
93,95
93,297
95,33
95,56
95,93
95,94
95,429
96,33
96,56
96,94
96,95
96,174
97,8
97,63
97,100
97,116
97,117
98,8
98,30
98,63
98,118
98,119
99,8
99,63
99,175
99,176
99,177
100,63
100,97
100,99
100,307
100,430
101,63
101,65
101,99
101,100
101,298
102,70
102,71
102,103
102,178
102,179
103,14
103,28
103,70
103,120
103,121
104,71
104,102
104,178
104,179
104,299
105,15
105,69
105,72
105,106
105,122
106,69
106,72
106,105
106,122
106,134
107,15
107,72
107,105
107,300
107,301
108,123
108,124
108,125
108,126
108,127
109,4
109,16
109,19
109,75
109,180
110,4
110,75
110,109
110,180
110,431
111,20
111,78
111,112
111,181
111,182
112,8
112,20
112,111
112,182
112,183
113,78
113,111
113,128
113,129
113,130
114,115
114,432
114,433
114,434
114,435
115,8
115,37
115,114
115,302
115,303
116,33
116,56
116,93
116,97
116,436
117,97
117,100
117,131
117,132
117,133
118,9
118,30
118,67
118,98
118,119
119,98
119,118
119,184
119,185
119,186
120,68
120,103
120,437
120,438
120,439
121,284
121,285
121,304
121,305
121,306
122,69
122,72
122,105
122,106
122,134
123,7
123,108
123,124
123,125
123,127
124,123
124,125
124,126
124,127
124,135
125,123
125,124
125,127
125,135
125,136
126,124
126,125
126,127
126,135
126,440
127,124
127,125
127,126
127,135
127,136
128,78
128,113
128,129
128,130
128,187
129,78
129,113
129,128
129,130
129,188
130,78
130,113
130,128
130,129
130,441
131,99
131,100
131,117
131,307
131,308
132,117
132,133
132,189
132,190
132,191
133,189
133,190
133,192
133,193
133,194
134,72
134,105
134,106
134,122
134,195
135,125
135,127
135,136
135,196
135,197
136,124
136,125
136,126
136,127
136,135
137,7
137,10
137,138
137,139
137,160
139,5
139,7
139,9
139,10
139,137
140,13
140,141
140,198
140,199
140,200
141,13
141,23
141,140
141,198
141,442
142,20
142,23
142,201
142,202
142,203
143,29
143,144
143,145
143,146
143,147
144,29
144,143
144,145
144,146
144,147
145,29
145,143
145,147
145,309
145,310
146,29
146,143
146,147
146,443
146,444
147,603
147,604
147,605
147,606
147,607
148,18
148,302
148,303
148,445
148,446
149,608
149,609
149,610
149,611
149,612
150,99
150,204
150,205
150,206
150,207
151,93
151,429
151,447
151,448
151,449
152,18
152,34
152,35
152,36
152,311
153,18
153,36
153,155
153,208
153,209
154,5
154,6
154,7
154,20
154,210
155,18
155,36
155,154
155,613
155,614
156,30
156,48
156,49
156,367
156,615
157,30
157,48
157,49
157,211
157,212
158,48
158,450
158,451
158,452
158,453
159,34
159,35
159,54
159,60
159,160
160,7
160,60
160,161
160,312
160,313
161,60
161,160
161,312
161,314
161,315
162,35
162,53
162,61
162,163
162,616
163,53
163,54
163,60
163,61
163,162
164,8
164,228
164,454
164,455
164,456
165,83
165,166
165,167
165,617
165,618
166,83
166,165
166,167
166,617
166,619
167,54
167,165
167,166
167,457
167,458
168,9
168,17
168,31
168,85
168,169
169,17
169,31
169,85
169,168
169,459
170,213
170,214
170,215
170,216
170,217
171,22
171,38
171,39
171,86
171,87
172,48
172,90
172,173
172,460
172,461
173,172
173,316
173,317
173,318
173,319
174,33
174,56
174,94
174,95
174,96
175,63
175,99
175,100
175,177
175,307
176,6
176,8
176,99
176,462
176,463
177,63
177,99
177,100
177,175
177,218
178,15
178,102
178,104
178,179
178,299
179,71
179,102
179,104
179,178
179,299
180,4
180,19
180,75
180,109
180,110
181,78
181,111
181,112
181,201
181,319
182,8
182,20
182,111
182,112
182,183
183,13
183,21
183,23
183,78
183,81
184,98
184,118
184,119
184,185
184,320
185,98
185,118
185,119
185,184
185,320
186,98
186,149
186,464
186,465
186,466
187,78
187,113
187,128
187,321
187,322
188,219
188,220
188,221
188,222
188,223
189,132
189,133
189,190
189,620
189,621
190,133
190,189
190,467
190,468
190,469
191,194
191,469
191,470
191,622
191,623
192,133
192,193
192,224
192,225
192,226
193,8
193,97
193,133
193,192
193,224
194,93
194,297
194,470
194,471
194,472
195,624
195,625
195,626
195,627
195,628
196,14
196,28
196,449
196,629
196,630
197,227
197,228
197,229
197,230
197,231
198,13
198,140
198,141
198,199
198,232
199,13
199,140
199,141
199,198
199,232
200,631
200,632
200,633
200,634
200,635
201,23
201,78
201,111
201,181
201,636
202,20
202,23
202,142
202,637
202,638
203,141
203,142
203,202
203,269
203,473
204,150
204,234
204,247
204,346
204,491
205,150
205,206
205,207
205,639
205,640
206,150
206,205
206,207
206,233
206,234
207,205
207,206
207,346
207,641
207,642
208,18
208,36
208,153
208,155
208,209
209,18
209,36
209,153
209,155
209,208
210,7
210,8
210,20
210,481
210,608
211,48
211,157
211,212
211,643
211,644
212,112
212,645
212,646
212,647
212,648
213,17
213,161
213,170
213,314
213,474
214,170
214,216
214,649
214,650
214,651
215,170
215,323
215,324
215,325
215,326
216,170
216,217
216,475
216,476
216,477
217,216
217,327
217,328
217,329
217,330
218,99
218,175
218,177
218,652
218,653
219,121
219,188
219,220
219,237
219,478
221,222
221,235
221,236
221,237
221,249
222,219
222,221
222,235
222,236
222,237
223,112
223,220
223,238
223,239
223,240
224,33
224,56
224,93
224,193
224,331
225,192
225,193
225,654
225,655
225,656
226,8
226,241
226,242
226,243
226,244
227,380
227,657
227,658
227,659
227,660
228,8
228,290
228,334
228,455
228,479
229,197
229,227
229,332
229,333
229,334
230,333
230,335
230,336
230,337
230,338
231,480
231,481
231,482
231,483
231,484
232,13
232,23
232,140
232,198
232,245
233,206
233,234
233,248
233,661
233,662
234,204
234,206
234,246
234,247
234,248
235,76
235,78
235,121
235,222
235,237
236,221
236,222
236,235
236,237
236,249
237,28
237,76
237,78
237,81
237,222
238,339
238,340
238,341
238,342
238,343
239,223
239,238
239,240
239,339
239,485
240,223
240,238
240,249
240,485
240,663
242,226
242,241
242,244
242,486
242,487
243,33
243,93
243,488
243,489
243,490
244,241
244,250
244,251
244,252
244,253
245,198
245,232
245,254
245,255
245,256
246,204
246,234
246,248
246,491
246,492
247,150
247,204
247,234
247,257
247,258
248,108
248,234
248,344
248,345
248,346
249,220
249,223
249,238
249,343
249,493
250,241
250,244
250,251
250,252
250,494
251,241
251,244
251,250
251,252
251,347
252,241
252,244
252,251
252,347
252,664
253,241
253,244
253,251
253,252
253,347
254,13
254,232
254,245
254,256
254,259
255,198
255,199
255,232
255,254
255,348
256,199
256,232
256,254
256,259
256,348
257,150
257,204
257,247
257,258
257,495
258,419
258,496
258,497
258,498
258,499
259,232
259,254
259,255
259,256
259,348
260,12
260,261
260,262
260,263
260,665
261,12
261,260
261,262
261,264
261,666
262,12
262,260
262,264
262,665
262,666
263,12
263,260
263,262
263,665
263,666
264,12
264,262
264,263
264,665
264,666
265,11
265,26
265,349
265,500
265,501
266,11
266,26
266,267
266,268
266,502
267,11
267,26
267,266
267,268
267,349
268,266
268,349
268,382
268,384
268,385
269,22
269,23
269,28
269,37
269,111
270,38
270,271
270,272
270,273
270,351
271,38
271,114
271,270
271,272
271,503
273,38
273,270
273,272
273,350
273,351
274,34
274,51
274,1120
274,1121
274,1122
275,34
275,52
275,276
275,278
275,352
276,34
276,52
276,275
276,352
276,667
277,34
277,52
277,275
277,276
277,278
278,34
278,52
278,275
278,352
278,668
279,669
279,670
279,671
279,672
279,673
280,294
280,674
280,675
280,676
280,677
281,67
281,867
281,1123
281,1124
281,1125
282,4
282,74
282,1126
282,1127
282,1128
283,76
283,284
283,1129
283,1130
283,1131
284,76
284,121
284,285
284,305
284,306
285,76
285,121
285,284
285,306
285,353
286,76
286,284
286,354
286,355
286,356
288,81
288,285
288,353
288,354
288,357
290,7
290,8
290,455
290,504
290,505
291,82
291,164
291,292
291,358
291,678
292,82
292,290
292,291
292,293
292,358
293,82
293,290
293,291
293,292
293,358
294,30
294,48
294,346
294,367
294,368
295,35
295,54
295,91
295,92
295,296
296,35
296,91
296,92
296,295
296,506
298,63
298,359
298,360
298,361
298,362
299,15
299,104
299,178
299,179
299,507
301,15
301,107
301,508
301,509
301,510
302,8
302,210
302,479
302,481
302,511
303,21
303,23
303,363
303,364
303,365
305,28
305,76
305,78
305,81
305,679
306,76
306,121
306,284
306,285
306,353
307,63
307,97
307,100
307,308
307,1132
308,63
308,99
308,100
308,307
308,366
309,29
309,143
309,145
309,147
309,310
310,145
310,147
310,1133
310,1134
310,1135
311,18
311,152
311,680
311,681
311,682
313,7
313,8
313,160
313,683
313,684
314,160
314,161
314,312
314,313
314,512
315,8
315,450
315,685
315,686
315,687
316,346
316,405
316,1136
316,1137
316,1138
317,987
317,1046
317,1047
317,1048
317,1049
318,346
318,367
318,368
318,369
318,370
319,111
319,158
319,181
319,1139
319,1140
320,98
320,118
320,119
320,184
320,185
321,78
321,113
321,128
321,187
321,322
322,23
322,78
322,187
322,321
322,1141
324,215
324,513
324,514
324,515
324,516
325,215
325,323
325,371
325,372
325,373
326,215
326,1142
326,1143
326,1144
326,1145
327,329
327,688
327,689
327,690
327,691
329,217
329,327
329,688
329,1146
329,1147
330,217
330,374
330,375
330,376
330,377
331,33
331,93
331,151
331,517
331,518
332,227
332,378
332,379
332,380
332,381
333,336
333,338
333,342
333,479
333,481
334,228
334,455
334,479
334,481
334,1148
335,230
335,337
335,1149
335,1150
335,1151
336,479
336,480
336,481
336,785
336,1152
337,303
337,1153
337,1154
337,1155
337,1156
338,333
338,336
338,479
338,1152
338,1157
339,223
339,238
339,239
339,519
339,520
340,692
340,693
340,694
340,695
340,696
341,521
341,522
341,523
341,524
341,525
342,479
342,481
342,696
342,885
342,1158
343,238
343,240
343,249
343,493
343,697
344,526
344,527
344,528
344,529
344,530
345,63
345,99
345,346
345,481
345,837
346,30
346,367
346,368
346,369
346,405
347,241
347,244
347,251
347,252
347,487
348,198
348,232
348,254
348,255
348,256
349,268
349,382
349,383
349,384
349,385
350,698
350,699
350,700
350,701
350,702
352,34
352,52
352,275
352,276
352,278
353,111
353,284
353,285
353,386
353,387
354,284
354,285
354,286
354,288
354,357
355,112
355,286
355,342
355,703
355,704
356,286
356,304
356,531
356,532
356,533
357,13
357,76
357,78
357,81
357,82
358,290
358,292
358,678
358,705
358,706
359,100
359,307
359,971
359,1043
359,1159
360,186
360,465
360,534
360,535
360,536
361,298
361,362
361,366
361,388
361,389
362,99
362,100
362,307
362,445
362,1160
363,707
363,708
363,709
363,710
363,711
364,303
364,365
364,390
364,391
364,392
365,303
365,364
365,390
365,391
365,392
366,63
366,98
366,99
366,100
366,279
367,30
367,49
367,346
367,368
367,369
368,30
368,156
368,346
368,367
368,393
369,346
369,367
369,368
369,394
369,395
370,346
370,367
370,368
370,396
370,397
371,325
371,717
371,893
371,1145
371,1161
372,67
372,366
372,398
372,399
372,400
373,712
373,713
373,714
373,715
373,716
374,317
374,330
374,717
374,718
374,719
375,217
375,323
375,330
375,374
375,401
376,112
376,537
376,538
376,539
376,540
377,330
377,720
377,721
377,722
377,723
378,332
378,379
378,594
378,724
378,725
379,332
379,378
379,785
379,900
379,1162
380,227
380,657
380,659
380,660
380,1163
381,332
381,854
381,1164
381,1165
381,1166
382,268
382,349
382,383
382,384
382,385
383,268
383,349
383,382
383,384
383,545
384,268
384,349
384,382
384,383
384,385
385,268
385,349
385,382
385,383
385,402
386,28
386,76
386,81
386,353
386,541
387,284
387,285
387,306
387,353
387,386
388,63
388,298
388,361
388,366
388,389
389,63
389,97
389,99
389,361
389,1167
390,303
390,364
390,365
390,391
390,392
391,303
391,364
391,365
391,403
391,404
392,303
392,364
392,365
392,390
392,391
393,294
393,346
393,367
393,368
393,412
394,346
394,367
394,368
394,369
394,395
395,294
395,346
395,367
395,369
395,394
396,346
396,370
396,405
396,406
396,407
397,346
397,367
397,368
397,369
397,411
398,346
398,372
398,542
398,543
398,544
400,372
400,399
400,1168
400,1169
400,1170
401,375
401,726
401,727
401,728
401,729
402,11
402,26
402,268
402,545
402,546
403,342
403,1171
403,1172
403,1173
403,1174
404,80
404,403
404,408
404,409
404,410
405,316
405,346
405,398
405,411
405,412
406,370
406,396
406,405
406,1175
406,1176
407,413
407,414
407,415
407,416
407,417
408,404
408,409
408,733
408,1177
408,1178
409,410
409,730
409,731
409,732
409,733
410,409
410,730
410,731
410,732
410,733
411,294
411,346
411,397
411,405
411,412
412,156
412,368
412,393
412,405
412,547
413,548
413,549
413,550
413,551
413,552
414,734
414,735
414,736
414,737
414,738
415,739
415,740
415,741
415,742
415,743
416,346
416,367
416,368
416,369
416,1179
417,744
417,745
417,746
417,747
417,748
418,64
418,65
418,66
418,419
418,553
419,65
419,66
419,418
419,553
419,554
420,33
420,94
420,95
420,1180
420,1181
421,37
421,78
421,319
421,555
421,556
422,77
422,237
422,355
422,1644
422,1645
423,77
423,424
423,557
423,558
423,559
424,77
424,423
424,425
424,557
424,558
425,77
425,423
425,424
425,557
425,558
426,80
426,512
426,1646
426,1647
426,1648
427,18
427,84
427,167
427,749
427,750
428,84
428,966
428,1040
428,1649
428,1650
429,33
429,56
429,93
429,94
429,95
430,97
430,100
430,307
430,751
430,752
431,4
431,19
431,75
431,109
431,110
432,114
432,435
432,754
432,755
432,756
433,114
433,432
433,434
433,435
433,756
434,38
434,114
434,270
434,433
434,753
435,432
435,754
435,755
435,756
435,757
436,1241
436,1322
436,1651
436,1652
436,1653
437,120
437,438
437,758
437,759
437,760
438,120
438,437
438,439
438,560
438,761
439,120
439,438
439,560
439,561
439,562
440,108
440,124
440,126
440,127
440,762
441,128
441,129
441,130
441,1654
441,1655
442,1656
442,1657
442,1658
442,1659
442,1660
443,29
443,143
443,763
443,764
443,765
444,29
444,143
444,144
444,309
444,603
445,18
445,21
445,22
445,27
445,1661
446,148
446,210
446,563
446,564
446,565
447,151
447,331
447,517
447,518
447,1662
448,151
448,429
448,449
448,766
448,767
449,33
449,151
449,1241
449,1663
449,1664
450,8
450,158
450,768
450,1182
450,1183
451,13
451,23
451,78
451,158
451,768
452,158
452,450
452,1184
452,1185
452,1186
453,158
453,1187
453,1188
453,1189
453,1190
454,8
454,164
454,290
454,455
454,479
455,21
455,22
455,23
455,28
455,164
456,82
456,164
456,1191
456,1192
456,1193
457,165
457,167
457,1039
457,1194
457,1195
458,167
458,512
458,566
458,567
458,568
459,169
459,1665
459,1666
459,1667
459,1668
460,172
460,318
460,346
460,461
460,1669
461,48
461,90
461,172
461,460
461,1196
462,99
462,176
462,463
462,569
462,1670
463,99
463,176
463,462
463,569
463,570
464,186
464,465
464,769
464,770
464,771
465,186
465,464
465,466
465,534
465,827
466,465
466,534
466,584
466,1197
466,1198
467,190
467,194
467,772
467,773
467,774
468,190
468,775
468,776
468,777
468,778
469,190
469,194
469,774
469,1199
469,1200
470,93
470,194
470,471
470,1201
470,1202
471,194
471,470
471,472
471,571
471,572
472,471
472,571
472,572
472,599
472,1203
473,13
473,23
473,78
473,555
473,1204
475,216
475,217
475,573
475,574
475,575
476,84
476,216
476,427
476,819
476,1671
477,779
477,780
477,781
477,782
477,783
479,8
479,454
479,480
479,481
479,784
480,8
480,138
480,479
480,481
480,785
481,18
481,21
481,342
481,1241
481,1672
482,10
482,231
482,481
482,1035
482,1079
483,231
483,480
483,481
483,482
483,1673
484,99
484,445
484,1205
484,1206
484,1207
485,223
485,238
485,239
485,240
485,663
487,251
487,252
487,1674
487,1675
487,1676
488,243
488,489
488,490
488,576
488,577
489,33
489,243
489,577
489,821
489,822
490,33
490,243
490,488
490,489
490,821
491,150
491,204
491,246
491,1208
491,1209
492,204
492,206
492,661
492,1210
492,1211
493,249
493,343
493,1677
493,1678
493,1679
494,241
494,244
494,250
494,252
494,578
495,204
495,247
495,257
495,1680
495,1681
496,204
496,258
496,499
496,579
496,580
497,1212
497,1213
497,1214
497,1215
497,1216
498,786
498,787
498,788
499,258
499,496
499,579
499,580
499,1217
500,11
500,268
500,501
500,1682
500,1683
501,11
501,268
501,349
501,384
501,402
502,266
502,1218
502,1219
502,1220
502,1221
503,114
503,271
503,1222
503,1223
503,1224
504,7
504,8
504,290
504,455
504,505
505,290
505,479
505,504
505,1025
505,1684
506,35
506,53
506,54
506,60
506,163
507,299
507,421
507,1685
507,1686
507,1687
508,15
508,107
508,301
508,509
508,510
509,15
509,107
509,301
509,508
509,510
510,107
510,301
510,508
510,509
510,581
511,80
511,302
511,1688
511,1689
511,1690
512,33
512,95
512,160
512,479
512,789
513,324
513,790
513,976
513,1691
513,1692
514,324
514,330
514,717
514,790
514,791
515,324
515,513
515,516
515,1693
515,1694
516,324
516,513
516,515
516,1693
516,1695
517,33
517,151
517,331
517,447
517,518
518,93
518,151
518,429
518,447
518,517
519,238
519,339
519,520
519,792
519,793
520,238
520,339
520,519
520,582
520,583
521,341
521,522
521,524
521,525
521,794
522,341
522,524
522,525
522,794
522,798
523,341
523,524
523,525
523,794
523,795
524,522
524,794
524,796
524,797
524,798
525,238
525,524
525,794
525,795
525,1696
526,344
526,527
526,528
526,529
526,799
527,346
527,529
527,909
527,1225
527,1226
528,344
528,526
528,527
528,529
528,800
529,344
529,526
529,527
529,799
529,801
530,908
530,909
530,1227
530,1228
530,1229
531,356
531,532
531,533
531,1230
531,1231
533,356
533,531
533,532
533,1232
533,1233
534,63
534,98
534,465
534,466
534,584
535,465
535,534
535,536
535,584
535,585
536,186
536,465
536,534
536,585
536,827
537,376
537,538
537,540
537,586
537,587
538,376
538,537
538,540
538,586
538,587
539,376
539,537
539,538
539,540
539,1697
540,111
540,181
540,330
540,1234
540,1235
541,802
541,803
541,804
541,805
541,806
542,367
542,372
542,398
542,543
542,544
543,372
543,398
543,542
543,544
543,1236
544,372
544,398
544,542
544,543
544,1237
545,11
545,268
545,402
545,1698
545,1699
546,11
546,349
546,382
546,384
546,402
547,156
547,346
547,368
547,397
547,412
548,413
548,551
548,589
548,1243
548,1245
549,413
549,548
549,550
549,552
549,588
550,413
550,548
550,549
550,551
550,807
551,413
551,548
551,550
551,807
551,808
552,548
552,588
552,589
552,590
552,591
553,63
553,98
553,99
553,388
553,1700
554,63
554,64
554,65
554,66
554,1701
555,1702
555,1703
555,1704
555,1705
555,1706
556,13
556,28
556,78
556,1238
556,1239
557,423
557,424
557,558
557,559
557,1240
558,81
558,82
558,164
558,423
558,424
559,423
559,424
559,557
559,558
559,1240
560,120
560,438
560,439
560,561
560,814
561,411
561,809
561,810
561,811
561,812
562,439
562,561
562,761
562,813
562,814
563,148
563,210
563,446
563,564
563,565
564,210
564,446
564,563
564,592
564,593
566,458
566,512
566,815
566,816
566,817
567,18
567,83
567,449
567,629
567,1241
568,167
568,458
568,818
568,819
568,820
569,176
569,570
569,594
569,595
569,596
570,176
570,481
570,482
570,569
570,597
572,470
572,471
572,472
572,598
572,599
574,475
574,573
574,1707
574,1708
574,1709
575,214
575,216
575,475
575,1710
575,1711
576,243
576,488
576,489
576,490
576,577
577,33
577,94
577,489
577,821
577,822
578,241
578,244
578,250
578,252
578,494
579,204
579,258
579,496
579,499
579,580
580,642
580,1217
580,1712
580,1713
580,1714
581,107
581,301
581,508
581,509
581,510
582,493
582,823
582,824
582,825
582,826
583,220
583,223
583,239
583,339
583,520
584,186
584,466
584,1715
584,1716
584,1717
585,186
585,465
585,534
585,536
585,827
586,537
586,538
586,587
586,600
586,601
587,538
587,586
587,600
587,601
587,602
588,590
588,591
588,1242
588,1243
588,1244
589,552
589,588
589,590
589,1242
589,1243
590,588
590,591
590,1242
590,1244
590,1245
591,588
591,590
591,1242
591,1243
591,1245
592,18
592,302
592,446
592,564
592,828
593,210
593,563
593,565
593,829
593,830
594,176
594,231
594,481
594,569
594,1673
597,8
597,99
597,445
597,570
597,1246
598,470
598,472
598,572
598,926
598,1718
599,471
599,472
599,571
599,572
599,1203
600,556
600,587
600,602
600,831
600,833
601,600
601,602
601,831
601,832
601,833
602,586
602,601
602,831
602,832
602,833
603,29
603,147
603,604
603,605
603,834
604,145
604,147
604,603
604,605
604,1719
605,147
605,603
605,604
605,607
605,1719
606,143
606,147
606,603
606,604
606,2550
607,147
607,603
607,605
607,606
607,835
608,5
608,210
608,481
608,609
608,1247
609,210
609,480
609,481
609,608
609,1247
610,149
610,1248
610,1249
610,1250
610,1251
611,2551
611,2552
611,2553
611,2554
611,2555
612,5
612,6
612,445
612,836
612,837
613,36
613,154
613,155
613,614
613,838
614,154
614,155
614,613
614,838
614,839
615,30
615,48
615,156
615,840
615,841
616,35
616,53
616,61
616,162
616,2556
617,18
617,165
617,166
617,458
617,618
618,165
618,166
618,167
618,1252
618,1253
619,165
619,166
619,842
619,843
619,844
620,189
620,190
620,467
620,778
620,1254
621,189
621,922
621,1012
621,1013
621,2557
622,194
622,469
622,774
622,1199
622,1720
623,191
623,469
623,622
623,845
623,846
624,33
624,151
624,626
624,847
624,848
625,151
625,331
625,517
625,848
625,2558
626,33
626,93
626,624
626,847
626,848
627,33
627,151
627,331
627,518
627,848
628,331
628,517
628,518
628,848
628,1721
629,4
629,19
629,567
629,1722
629,1723
630,4
630,7
630,124
630,196
630,567
631,200
631,632
631,633
631,634
631,635
632,13
632,82
632,164
632,200
632,317
633,200
633,631
633,632
633,634
633,635
634,200
634,631
634,632
634,633
634,635
635,200
635,631
635,633
635,634
635,1255
636,201
636,302
636,849
636,850
636,851
637,142
637,202
637,638
637,852
637,853
638,142
638,202
638,637
638,852
638,854
639,150
639,205
639,640
639,855
639,856
640,150
640,205
640,206
640,639
640,1256
641,206
641,207
641,866
641,867
641,2559
642,207
642,1257
642,1258
642,1259
642,1260
643,211
643,644
643,857
643,858
643,859
644,211
644,643
644,857
644,858
644,1724
647,212
647,645
647,646
647,1261
647,1262
648,212
648,754
648,1347
648,1508
648,1725
649,214
649,650
649,651
649,1726
649,1727
650,214
650,649
650,1726
650,1727
650,1728
651,214
651,649
651,860
651,861
651,862
652,100
652,116
652,752
652,1729
652,1730
654,225
654,656
654,1267
654,1268
654,1269
655,192
655,1263
655,1264
655,1265
655,1266
656,654
656,1267
656,1268
656,1269
656,1270
657,227
657,380
657,863
657,864
657,865
658,227
658,1731
658,1732
658,1733
658,1734
659,227
659,380
659,658
659,1163
659,1735
660,227
660,380
660,1736
660,1737
660,1738
661,206
661,492
661,662
661,866
661,867
662,661
662,866
662,868
662,869
662,870
663,223
663,239
663,240
663,485
663,1538
664,251
664,252
664,494
664,578
664,1739
665,260
665,262
665,263
665,264
665,666
666,12
666,260
666,262
666,263
666,665
668,6
668,8
668,97
668,672
668,2560
669,63
669,100
669,101
669,279
669,672
670,279
670,669
670,671
670,872
670,971
671,279
671,669
671,670
671,871
671,872
672,668
672,669
672,1271
672,1740
672,1741
673,63
673,99
673,279
673,1271
673,1272
674,280
674,294
674,675
674,676
674,1511
675,280
675,674
675,676
675,1273
675,1274
677,280
677,676
677,1273
677,1274
677,1275
678,290
678,292
678,293
678,358
678,706
679,76
679,284
679,285
679,1742
679,1743
680,18
680,152
680,311
680,2561
680,2562
681,18
681,311
681,955
681,1276
681,1277
682,18
682,36
682,152
682,311
682,1278
683,8
683,313
683,1279
683,1280
683,1281
685,8
685,315
685,687
685,1282
685,1283
686,161
686,315
686,452
686,1744
686,1745
687,8
687,315
687,685
687,719
687,1746
688,448
688,689
688,690
688,2423
688,2563
689,331
689,517
689,688
689,690
689,1284
690,329
690,688
690,689
690,1284
690,1747
691,452
691,1559
691,1561
691,2564
691,2565
692,304
692,340
692,873
692,874
692,875
694,114
694,340
694,1285
694,1286
694,1287
695,114
695,340
695,698
695,1288
695,1289
696,342
696,481
696,885
696,1158
696,1584
697,343
697,1290
697,1291
697,1292
697,1293
698,86
698,114
698,876
698,877
698,878
699,1294
699,1295
699,1296
699,1297
699,1298
701,899
701,1299
701,1300
701,1301
701,1302
702,879
702,880
702,881
702,882
702,883
703,481
703,696
703,884
703,885
703,886
704,355
704,934
704,1303
704,1304
704,1305
705,290
705,292
705,358
705,678
705,706
706,290
706,292
706,293
706,358
706,678
708,363
708,707
708,709
708,710
708,887
709,363
709,708
709,710
709,887
709,888
710,363
710,708
710,709
710,887
710,888
712,373
712,713
712,714
712,716
712,1748
713,215
713,373
713,712
713,714
713,715
714,373
714,712
714,715
714,717
714,1306
715,373
715,889
715,890
715,891
715,892
716,768
716,1307
716,1308
716,1309
716,1310
717,514
717,893
717,894
717,895
717,896
718,330
718,377
718,721
718,722
718,723
719,8
719,687
719,943
719,1030
719,1031
720,330
720,377
720,718
720,721
720,723
721,330
721,377
721,720
721,722
721,723
722,330
722,377
722,720
722,721
722,723
723,330
723,377
723,720
723,721
723,722
724,302
724,336
724,897
724,898
724,899
725,480
725,785
725,900
725,901
725,902
726,401
726,729
726,903
726,1354
726,1749
727,401
727,726
727,1750
727,1751
727,1752
728,401
728,726
728,729
728,903
728,1311
729,401
729,726
729,728
729,903
729,904
730,404
730,410
730,732
730,2566
730,2567
731,730
731,732
731,1178
731,1312
731,1313
732,409
732,731
732,1178
732,1312
732,1313
733,408
733,409
733,410
733,730
733,1177
734,414
734,735
734,736
734,738
734,905
735,414
735,734
735,736
735,738
735,1314
736,414
736,734
736,735
736,738
736,1315
737,414
737,734
737,735
737,738
737,1314
738,735
738,736
738,1314
738,1551
738,1753
739,415
739,740
739,741
739,742
739,743
740,415
740,739
740,741
740,1754
740,1755
741,740
741,906
741,907
741,908
741,909
742,415
742,739
742,740
742,743
742,2568
743,398
743,415
743,739
743,742
743,1756
744,417
744,746
744,748
744,910
744,911
745,417
745,746
745,747
745,748
745,2569
746,417
746,744
746,745
746,912
746,913
747,910
747,1004
747,1005
747,1053
747,1757
748,910
748,1004
748,1006
748,1053
748,1757
749,83
749,165
749,167
749,427
749,617
750,84
750,427
750,749
750,1316
750,1317
751,100
751,307
751,430
751,752
751,914
752,18
752,99
752,100
752,116
752,430
753,38
753,434
753,2570
753,2571
753,2572
754,435
754,648
754,757
754,1508
754,2532
755,432
755,435
755,915
755,916
755,917
756,432
756,433
756,435
756,755
756,916
757,435
757,754
757,874
757,915
757,2573
758,437
758,810
758,2574
758,2575
758,2576
759,940
759,1318
759,1319
759,1320
759,1321
760,160
760,161
760,312
760,1758
760,1759
761,438
761,439
761,1760
761,1761
761,1762
762,108
762,124
762,126
762,440
762,918
763,29
763,143
763,443
763,764
763,765
764,29
764,143
764,144
764,443
764,765
765,29
765,143
765,443
765,763
765,764
766,93
766,331
766,847
766,848
766,919
767,151
767,848
767,1322
767,1323
767,1324
768,450
768,1183
768,1325
768,1326
768,1327
769,186
769,464
769,770
769,771
769,2577
770,186
770,464
770,465
770,769
770,771
771,186
771,464
771,769
771,770
771,2578
772,132
772,189
772,190
772,469
772,920
773,190
773,620
773,921
773,922
773,923
774,622
774,920
774,1763
774,1764
774,1765
775,191
775,243
775,468
775,776
775,777
776,191
776,468
776,572
776,775
776,2579
777,468
777,775
777,924
777,925
777,926
778,191
778,620
778,776
778,1254
778,1766
779,1328
779,1329
779,1330
779,1331
779,1332
780,216
780,477
780,781
780,783
780,1333
781,216
781,477
781,780
781,783
781,1333
782,783
782,2580
782,2581
782,2582
782,2583
783,216
783,477
783,781
783,782
783,1333
784,8
784,164
784,455
784,479
784,481
785,342
785,481
785,1425
785,2584
785,2585
786,1767
786,1768
786,1769
786,1770
786,1771
787,2586
787,2587
787,2588
787,2589
787,2590
788,927
788,928
788,929
788,930
788,931
791,514
791,790
791,881
791,1772
791,1773
792,525
792,794
792,932
792,1774
792,1775
793,797
793,932
793,934
793,1776
793,1777
794,524
794,525
794,796
794,798
794,933
795,523
795,932
795,933
795,934
795,935
796,524
796,794
796,797
796,798
796,934
797,524
797,796
797,934
797,935
797,936
798,223
798,524
798,794
798,796
798,937
799,344
799,526
799,527
799,529
799,801
800,344
800,526
800,527
800,528
800,738
801,346
801,1778
801,1779
801,1780
801,1781
802,541
802,803
802,805
802,806
802,1782
803,541
803,802
803,805
803,806
803,938
804,541
804,1334
804,1335
804,1336
804,1337
805,541
805,802
805,803
805,806
805,1782
806,541
806,802
806,803
806,805
806,1782
807,413
807,548
807,550
807,551
807,808
808,370
808,413
808,548
808,551
808,807
809,305
809,342
809,1783
809,1784
809,1785
810,120
810,758
810,939
810,940
810,941
811,76
811,284
811,286
811,306
811,354
812,439
812,560
812,761
812,813
812,814
813,679
813,1786
813,1787
813,1788
813,1789
814,439
814,560
814,761
814,813
814,2591
815,18
815,458
815,817
815,1338
815,1339
816,458
816,512
816,566
816,789
816,942
817,512
817,942
817,1382
817,1383
817,1790
818,165
818,167
818,458
818,568
818,617
819,8
819,687
819,719
819,820
819,943
820,167
820,568
820,819
820,1791
820,1792
821,33
821,94
821,95
821,489
821,577
822,94
822,95
822,489
822,577
822,821
825,485
825,582
825,823
825,826
825,2592
827,186
827,465
827,466
827,534
827,584
828,148
828,210
828,1921
828,2593
828,2594
829,210
829,446
829,565
829,593
829,830
831,586
831,601
831,602
831,832
831,833
832,600
832,601
832,602
832,831
832,833
833,600
833,601
833,602
833,831
833,832
834,29
834,147
834,603
834,604
834,605
835,147
835,606
835,607
835,2550
835,2595
836,612
836,944
836,945
836,946
836,947
837,21
837,98
837,99
837,2596
837,2597
838,36
838,154
838,155
838,613
838,614
839,154
839,614
839,948
839,949
839,950
840,30
840,367
840,368
840,615
840,951
841,48
841,156
841,368
841,615
841,2598
842,166
842,619
842,952
842,953
842,954
843,955
843,956
843,957
843,958
843,959
844,166
844,314
844,619
844,1386
844,2421
845,469
845,470
845,623
845,1793
845,1794
846,191
846,469
846,470
846,623
846,845
847,33
847,56
847,93
847,624
847,626
848,93
848,151
848,429
848,448
848,766
849,636
849,1795
849,1796
849,1797
849,1798
850,636
850,899
850,1796
850,1825
850,2599
851,302
851,636
851,960
851,961
851,962
852,142
852,202
852,473
852,637
852,638
853,176
853,1799
853,1800
853,1801
853,1802
854,183
854,202
854,1164
854,1939
854,2600
855,150
855,205
855,639
855,641
855,856
856,150
856,205
856,206
856,639
856,640
857,211
857,643
857,644
857,858
857,1340
858,211
858,643
858,859
858,1724
858,1803
859,643
859,644
859,858
859,1724
859,1803
860,651
860,963
860,964
860,965
860,966
861,964
861,967
861,968
861,969
861,970
862,18
862,458
862,952
862,966
862,1040
863,657
863,864
863,1341
863,1342
863,1343
864,657
864,863
864,1343
864,1804
864,1805
867,281
867,482
867,866
867,2601
867,2602
868,662
868,866
868,869
868,870
868,1806
869,662
869,866
869,868
869,870
869,1807
870,662
870,866
870,1344
870,1345
870,1346
871,279
871,669
871,670
871,671
871,673
872,279
872,389
872,670
872,671
872,971
873,340
873,356
873,692
873,874
873,972
874,302
874,648
874,754
874,972
874,1347
875,302
875,1348
875,1349
875,1350
875,1351
876,86
876,698
876,753
876,878
876,1808
877,22
877,39
877,86
877,1809
877,1810
878,38
878,114
878,434
878,753
878,1811
879,973
879,974
879,975
879,976
879,977
880,881
880,976
880,978
880,979
880,2603
881,880
881,976
881,978
881,979
881,980
882,974
882,976
882,1812
882,1813
882,1814
883,790
883,975
883,1815
883,1816
883,1817
884,28
884,76
884,78
884,81
884,2604
885,342
885,481
885,696
885,1158
885,2605
886,342
886,703
886,884
886,2604
886,2606
887,363
887,708
887,709
887,710
887,888
888,363
888,708
888,709
888,710
888,887
889,717
889,981
889,1201
889,1353
889,1818
890,889
890,981
890,982
890,983
890,984
891,889
891,980
891,985
891,986
891,987
892,889
892,981
892,986
892,1045
892,1819
893,371
893,717
893,894
893,1352
893,1353
894,717
894,893
894,895
894,1352
894,1820
895,717
895,893
895,894
895,1352
895,1353
896,717
896,988
896,989
896,990
896,991
897,724
897,1576
897,1821
897,1822
897,1823
898,899
898,992
898,993
898,994
898,995
899,994
899,1299
899,1576
899,1824
899,1825
900,480
900,785
900,2607
900,2608
900,2609
901,337
901,725
901,996
901,997
901,998
902,337
902,481
902,785
902,1465
902,1466
903,401
903,726
903,729
903,904
903,1354
904,894
904,903
904,1354
904,1355
904,1356
905,2610
905,2611
905,2612
905,2613
905,2614
906,741
906,999
906,1000
906,1001
906,1002
907,741
907,1225
907,1357
907,1358
907,1359
908,346
908,530
908,741
908,909
908,2615
909,530
909,740
909,741
909,1225
909,1360
910,747
910,1003
910,1004
910,1005
910,1006
911,747
911,748
911,1005
911,1006
911,1757
912,417
912,744
912,746
912,913
912,1007
913,367
913,368
913,1361
913,1362
913,1363
914,97
914,430
914,751
914,2616
914,2617
915,201
915,435
915,646
915,755
915,1364
916,435
916,755
916,756
916,2618
916,2619
917,22
917,37
917,78
917,877
917,1365
918,108
918,124
918,126
918,440
918,762
919,93
919,429
919,448
919,449
919,766
920,117
920,191
920,469
920,772
920,1008
921,190
921,772
921,773
921,1009
921,1010
922,621
922,1011
922,1012
922,1013
922,1014
923,190
923,1366
923,1367
923,1368
923,1369
924,777
924,925
924,1872
924,2620
924,2621
925,777
925,1015
925,1016
925,1017
925,1018
926,470
926,472
926,572
926,598
926,1826
927,788
927,930
927,931
927,1019
927,1020
928,317
928,788
928,1370
928,1371
928,1372
929,18
929,429
929,449
929,788
929,1566
930,27
930,788
930,927
930,1019
930,1020
931,927
931,930
931,1090
931,1373
931,1374
932,524
932,793
932,797
932,934
932,1776
933,524
933,794
933,795
933,2003
933,2622
934,797
934,932
934,935
934,1021
934,1022
935,797
935,934
935,1021
935,1375
935,1376
936,797
936,934
936,1377
936,1378
936,1379
937,794
937,796
937,798
937,1380
937,1381
938,512
938,1023
938,1024
938,1025
938,1026
939,78
939,81
939,82
939,556
939,758
940,541
940,759
940,1027
940,1028
940,1029
941,758
941,1827
941,1828
941,1829
941,1830
942,512
942,789
942,1382
942,1383
942,1384
943,719
943,1030
943,1031
943,1032
943,1033
944,612
944,836
944,945
944,946
944,1034
945,612
945,836
945,944
945,946
945,1034
946,612
946,836
946,944
946,945
946,1034
947,612
947,836
947,946
947,1035
947,1036
948,1831
948,1832
948,1833
948,1834
948,1835
949,1836
949,1837
949,1838
949,1839
949,1840
950,61
950,162
950,2623
950,2624
950,2625
951,346
951,397
951,840
951,1037
951,1038
952,965
952,966
952,1040
952,1841
952,1842
953,314
953,619
953,1385
953,1386
953,1387
954,165
954,166
954,965
954,2626
954,2627
955,167
955,956
955,959
955,1039
955,1040
956,311
956,843
956,955
956,958
956,959
958,843
958,955
958,956
958,959
958,2628
959,843
959,955
959,956
959,958
959,1388
960,851
960,2629
960,2630
960,2631
960,2632
961,1389
961,1390
961,1391
961,1392
961,1393
962,851
962,961
962,994
962,1843
962,1844
963,860
963,1759
963,1845
963,1846
963,1847
964,18
964,681
964,2633
964,2634
964,2635
965,167
965,952
965,966
965,1040
965,1041
966,952
966,1040
966,1841
966,1848
966,1849
967,2636
967,2637
967,2638
967,2639
967,2640
968,84
968,167
968,427
968,1394
968,1395
969,1083
969,1093
969,1396
969,1397
969,1398
970,2641
970,2642
970,2643
970,2644
970,2645
971,359
971,554
971,670
971,1042
971,1043
972,304
972,532
972,874
972,1850
972,1851
973,881
973,975
973,976
973,979
973,2059
974,975
974,976
974,1399
974,1400
974,1401
975,1044
975,1399
975,1812
975,1814
975,1852
976,151
976,880
976,1044
976,2646
976,2647
977,974
977,2059
977,2178
978,880
978,881
978,976
978,979
979,880
979,881
979,976
979,978
979,1044
980,881
980,976
980,978
980,979
980,1853
981,889
981,890
981,982
981,983
981,1854
982,889
982,983
982,1402
982,1403
982,1404
983,317
983,889
983,1326
983,1855
983,1856
985,889
985,890
985,981
985,1854
985,1857
986,889
986,891
986,892
986,985
986,1045
987,317
987,1046
987,1047
987,1048
987,1049
988,717
988,896
988,989
988,990
988,991
989,896
989,988
989,990
989,991
989,1405
990,896
990,988
990,989
990,991
990,1050
991,896
991,988
991,989
991,990
993,302
993,303
993,1406
993,1407
993,1408
994,302
994,898
994,899
994,962
994,1051
995,302
995,303
995,1409
995,1410
995,1411
996,725
996,901
996,997
996,998
996,1052
997,901
997,996
997,998
997,1052
997,1412
998,901
998,996
998,997
998,1052
998,1412
999,248
999,906
999,1780
999,1858
999,1859
1000,906
1000,1001
1000,1860
1000,1861
1000,1862
1002,906
1002,1863
1003,910
1003,1004
1003,1005
1003,1006
1003,1053
1004,747
1004,910
1004,1003
1004,1005
1004,1053
1005,747
1005,910
1005,1003
1005,1004
1005,1053
1006,747
1006,910
1006,1003
1006,1004
1006,1053
1007,1864
1007,1865
1007,1866
1007,1867
1007,1868
1008,117
1008,194
1008,1764
1008,1765
1008,1869
1009,1013
1009,1054
1009,1055
1009,1056
1009,1057
1010,921
1010,1368
1010,1413
1010,1414
1010,1415
1011,922
1011,1012
1011,1013
1011,1870
1011,1871
1012,772
1012,921
1012,1011
1012,1054
1012,1416
1013,1009
1013,1054
1013,1871
1013,1896
1013,2200
1014,922
1014,1012
1014,1058
1014,1059
1014,1060
1015,151
1015,194
1015,469
1015,622
1015,1765
1016,777
1016,925
1016,1015
1016,1017
1016,1872
1017,845
1017,925
1017,1015
1017,1016
1017,1417
1018,925
1018,1015
1018,1873
1018,1874
1018,1875
1019,1061
1019,1062
1019,1063
1019,1064
1019,1065
1020,927
1020,1876
1020,1877
1020,1878
1020,1879
1021,934
1021,935
1021,1022
1021,1375
1021,1376
1023,938
1023,1880
1023,1881
1023,1882
1023,1883
1026,938
1026,1024
1026,1025
1026,1884
1026,1885
1027,940
1027,1028
1027,1029
1027,1418
1027,1419
1028,940
1028,1027
1028,1029
1028,1418
1028,1419
1029,940
1029,1027
1029,1028
1029,1418
1029,1419
1030,687
1030,719
1030,943
1030,1031
1030,1032
1031,719
1031,943
1031,1030
1031,1032
1031,1033
1032,719
1032,943
1032,1030
1032,1031
1032,1886
1033,719
1033,943
1033,1030
1033,1031
1033,1032
1034,612
1034,836
1034,944
1034,945
1034,946
1035,18
1035,21
1035,98
1035,149
1035,1066
1036,612
1036,836
1036,944
1036,945
1036,1034
1037,547
1037,951
1037,1038
1037,1887
1037,1888
1038,346
1038,840
1038,951
1038,1361
1038,1889
1039,54
1039,167
1039,955
1040,428
1040,458
1040,952
1040,965
1040,966
1041,165
1041,167
1041,965
1041,1890
1041,1891
1042,359
1042,670
1042,971
1042,1420
1042,1421
1043,307
1043,359
1043,971
1043,1892
1043,1893
1044,975
1044,976
1044,979
1044,1894
1044,1895
1045,889
1045,892
1045,986
1045,1067
1045,1068
1046,317
1046,987
1046,1047
1046,1048
1046,1049
1047,317
1047,987
1047,1046
1047,1048
1047,1049
1048,317
1048,987
1048,1046
1048,1047
1048,1049
1049,317
1049,987
1049,1046
1049,1047
1049,1048
1050,717
1050,952
1050,1069
1050,1070
1050,1071
1051,302
1051,994
1051,1422
1051,1423
1051,1424
1052,996
1052,997
1052,998
1052,1412
1052,1425
1053,747
1053,1003
1053,1004
1053,1005
1053,1006
1054,621
1054,1009
1054,1013
1054,1871
1054,1896
1055,1009
1055,1013
1055,1871
1055,1897
1055,1898
1056,921
1056,1009
1056,1426
1056,1427
1056,1428
1057,189
1057,620
1057,773
1057,1009
1057,1899
1058,1011
1058,1072
1058,1073
1058,1074
1058,1075
1059,1014
1059,1058
1059,1900
1059,1901
1059,1902
1060,469
1060,621
1060,1011
1060,1012
1061,1019
1061,1065
1061,1090
1062,1019
1062,1063
1062,1076
1062,1077
1062,1078
1063,1089
1063,1090
1063,1097
1063,1444
1063,1903
1064,927
1064,930
1064,1019
1064,1429
1064,1430
1065,927
1065,1061
1065,1090
1065,1904
1065,1905
1066,482
1066,1035
1066,1079
1066,1080
1066,1081
1067,889
1067,891
1067,981
1067,985
1067,1819
1068,317
1071,952
1071,1082
1071,1083
1071,1084
1071,1085
1072,1058
1072,1073
1072,1074
1072,1075
1072,1431
1073,1058
1073,1074
1074,1058
1074,1072
1074,1073
1074,1075
1074,1086
1075,1058
1075,1072
1075,1074
1075,1087
1075,1088
1076,1062
1076,1063
1076,1089
1076,1090
1076,1091
1077,1078
1077,1432
1077,1433
1077,2435
1077,2437
1078,1077
1078,1432
1078,1433
1078,1434
1078,1435
1079,8
1079,18
1079,99
1079,445
1079,1246
1080,482
1080,1066
1080,1079
1080,1081
1080,1092
1081,482
1081,1066
1081,1079
1081,1080
1081,1092
1082,819
1082,1071
1082,1083
1082,1085
1082,1093
1083,819
1083,1071
1083,1082
1083,1093
1083,1396
1084,1085
1084,1436
1084,1437
1084,1438
1084,1439
1085,979
1085,1082
1085,1906
1085,1907
1085,1908
1086,1074
1087,1058
1087,1072
1087,1075
1087,1094
1087,1095
1088,2454
1089,1063
1089,1096
1089,1097
1089,1098
1089,1099
1090,931
1090,1019
1090,1065
1090,1444
1090,1909
1091,160
1091,312
1091,1100
1091,1101
1091,1102
1093,819
1093,1083
1093,1103
1093,1104
1093,1105
1094,1087
1094,1440
1094,1441
1094,1442
1094,1443
1095,1106
1095,1107
1095,1108
1095,1109
1095,1110
1096,1089
1096,1098
1096,1099
1096,1910
1096,1911
1097,1063
1097,1089
1097,1090
1097,1429
1097,1444
1098,1063
1098,1089
1098,1099
1098,1111
1098,1112
1099,1089
1099,1096
1099,1098
1099,1911
1100,541
1100,1101
1100,1102
1100,1113
1100,1114
1101,541
1101,1100
1101,1113
1101,1114
1101,1914
1102,1100
1102,1101
1102,1912
1102,1913
1102,1914
1103,819
1103,1093
1103,1104
1103,1105
1105,819
1105,1093
1105,1103
1105,1104
1106,1095
1106,1107
1106,1108
1106,1115
1106,1116
1107,1095
1107,1106
1107,1117
1107,1118
1107,1119
1108,1095
1108,1106
1108,1107
1108,1109
1108,1110
1109,1095
1109,1106
1109,1107
1109,1108
1109,1915
1110,1095
1110,1106
1110,1107
1110,1108
1110,1445
1112,1446
1112,1447
1112,1448
1113,1114
1113,1916
1113,1917
1113,1918
1113,1919
1114,1113
1114,1916
1114,1917
1114,1918
1114,1920
1116,1106
1116,1115
1116,1449
1116,1450
1116,1451
1118,1452
1118,1453
1118,1454
1118,1455
1118,1456
1120,34
1120,51
1120,274
1120,1121
1120,1122
1121,51
1121,155
1121,274
1123,18
1123,98
1123,150
1123,279
1123,1124
1124,100
1124,281
1124,1123
1124,1125
1126,74
1126,282
1126,1127
1126,1457
1126,1458
1127,56
1127,282
1127,331
1127,1126
1128,77
1128,421
1128,1457
1128,1921
1128,1922
1129,76
1129,285
1129,286
1129,1460
1129,1582
1130,76
1130,283
1130,1131
1130,1459
1130,1460
1131,283
1131,1129
1131,1130
1131,1459
1131,1460
1132,67
1132,100
1132,281
1132,307
1132,1923
1133,310
1134,145
1134,310
1134,1135
1135,145
1135,309
1135,310
1135,1133
1135,1134
1136,413
1136,550
1137,316
1137,346
1137,1136
1137,1138
1137,1924
1138,97
1138,316
1138,346
1139,319
1139,1926
1140,158
1140,319
1140,451
1140,1925
1140,1926
1141,21
1141,76
1141,78
1141,679
1141,1927
1142,326
1142,1462
1142,1463
1142,2448
1142,2449
1143,326
1143,717
1143,1461
1143,1462
1143,1463
1145,215
1145,326
1145,371
1145,1928
1145,1929
1146,217
1146,327
1146,329
1146,1147
1146,1464
1147,327
1147,329
1147,688
1147,690
1148,228
1148,231
1148,334
1148,481
1148,484
1149,335
1149,337
1149,899
1149,1825
1149,1930
1150,337
1150,1931
1150,1932
1150,1933
1150,1934
1151,337
1151,481
1151,902
1151,1465
1151,1466
1152,336
1152,337
1152,479
1152,481
1152,1467
1153,337
1153,481
1153,785
1153,1151
1154,337
1154,342
1154,481
1154,785
1154,1468
1155,303
1155,403
1155,1151
1155,1425
1155,1469
1156,481
1156,902
1156,1466
1156,1470
1156,1471
1157,336
1157,337
1157,338
1157,1152
1157,1156
1158,342
1158,479
1158,481
1158,696
1158,885
1159,359
1159,1043
1159,1472
1159,1473
1159,1474
1160,63
1160,361
1160,366
1161,371
1161,1935
1161,1936
1161,1937
1161,1938
1162,8
1162,479
1162,481
1162,1939
1162,1940
1163,227
1163,380
1163,658
1163,659
1163,1735
1164,21
1164,303
1164,658
1164,2600
1165,227
1167,101
1167,298
1167,361
1167,388
1167,389
1169,216
1169,372
1169,400
1170,372
1170,399
1170,400
1170,1168
1171,403
1171,1172
1171,1173
1171,1174
1171,1475
1172,403
1172,784
1172,1171
1172,1173
1172,1174
1173,403
1173,784
1173,1171
1173,1172
1173,1174
1174,403
1174,1171
1174,1172
1174,1173
1174,1475
1175,396
1175,398
1175,406
1175,542
1177,404
1177,408
1177,409
1177,730
1177,733
1178,404
1178,410
1178,732
1178,1313
1179,416
1180,33
1180,94
1180,95
1180,420
1180,1476
1181,33
1181,94
1181,151
1181,420
1181,1477
1182,158
1182,450
1182,1183
1182,1283
1182,1941
1183,315
1183,450
1183,768
1183,1182
1183,1325
1184,158
1184,452
1184,717
1184,768
1184,1309
1185,452
1185,1186
1185,1942
1185,1943
1185,1944
1186,452
1186,1182
1186,1185
1186,1283
1187,158
1187,453
1187,1188
1187,1190
1187,1478
1188,158
1188,453
1188,1190
1188,1478
1189,453
1189,1261
1189,1945
1189,1946
1189,1947
1190,158
1190,453
1190,1188
1190,1478
1190,1479
1191,164
1191,454
1191,456
1191,1192
1191,1193
1192,454
1192,456
1192,1191
1192,1193
1192,1480
1193,454
1193,456
1193,1191
1193,1192
1193,1480
1194,165
1194,167
1194,457
1194,1041
1194,1481
1196,48
1196,49
1196,90
1196,158
1196,294
1197,466
1197,584
1197,1198
1197,1948
1197,1949
1198,67
1198,118
1198,119
1198,466
1198,1949
1199,133
1199,469
1199,622
1199,1482
1199,1483
1200,469
1201,56
1201,93
1201,151
1201,429
1201,1484
1202,297
1202,1485
1202,1486
1202,1487
1202,1488
1203,471
1203,472
1203,571
1203,572
1204,23
1204,473
1204,1489
1204,1490
1204,1491
1205,484
1205,594
1205,1206
1205,1673
1206,481
1206,484
1206,1207
1206,1673
1206,1950
1207,481
1207,484
1207,1206
1207,1673
1207,1950
1208,204
1208,246
1208,492
1209,204
1209,362
1209,1124
1210,99
1210,204
1210,246
1210,492
1210,1211
1211,204
1211,492
1211,1210
1211,1492
1211,1493
1212,497
1212,1214
1212,1494
1213,1495
1213,1593
1213,1951
1213,1952
1213,1953
1214,497
1214,1215
1215,497
1215,1214
1215,1494
1215,1495
1215,1496
1216,1494
1217,496
1217,580
1217,1712
1218,502
1219,502
1219,878
1219,1497
1219,1498
1219,1499
1220,1500
1220,1501
1220,1502
1220,1503
1220,1504
1221,6
1221,502
1221,1501
1222,646
1222,1223
1222,1562
1222,1954
1222,1958
1223,648
1223,1562
1223,1954
1223,1955
1223,1956
1224,435
1224,754
1224,1562
1224,1957
1224,1958
1225,415
1225,741
1225,909
1226,527
1226,530
1227,530
1227,738
1227,1959
1227,1960
1227,1961
1228,530
1229,530
1229,741
1229,1505
1229,1506
1229,1507
1231,531
1231,533
1232,531
1232,532
1232,533
1232,1233
1232,1280
1233,531
1233,532
1233,533
1233,1232
1233,1962
1234,540
1234,586
1234,878
1234,1508
1234,1509
1236,294
1236,840
1236,1510
1236,1511
1236,1512
1237,30
1237,48
1237,49
1237,1363
1238,556
1238,2470
1239,111
1239,181
1239,556
1239,1513
1239,1514
1240,423
1240,425
1240,557
1240,559
1240,1515
1241,429
1241,449
1241,1484
1241,1963
1241,1964
1242,588
1242,590
1242,1243
1242,1244
1242,1245
1243,588
1243,590
1243,1242
1243,1244
1243,1245
1244,588
1244,590
1244,1242
1244,1243
1244,1245
1245,346
1245,413
1245,589
1245,1243
1246,18
1246,21
1246,98
1246,99
1246,149
1247,608
1247,609
1247,1965
1247,1966
1247,1967
1248,2251
1249,610
1249,1248
1249,1250
1249,1251
1249,1516
1250,445
1250,837
1250,2021
1251,610
1251,1249
1251,1250
1251,1968
1251,1969
1252,167
1252,618
1252,1253
1252,1517
1252,1518
1253,618
1253,1252
1253,1517
1253,1744
1253,1970
1254,189
1254,190
1254,467
1254,469
1254,778
1255,21
1255,23
1255,631
1255,1519
1255,1520
1256,150
1256,205
1256,639
1256,640
1257,642
1257,1259
1257,1260
1258,642
1259,492
1259,642
1259,1257
1259,1712
1260,642
1260,1257
1260,1259
1260,1521
1260,1522
1261,212
1261,646
1261,647
1261,1262
1261,1958
1262,212
1262,646
1262,647
1262,1261
1262,1958
1263,192
1263,224
1263,225
1263,655
1263,1264
1264,192
1264,655
1264,1263
1264,1265
1264,1266
1265,192
1265,193
1265,224
1265,225
1265,1971
1266,192
1266,655
1266,1263
1266,1264
1266,1971
1267,654
1267,656
1267,1268
1267,1269
1267,1270
1268,654
1268,656
1268,1269
1268,1523
1268,1524
1269,656
1269,1267
1269,1268
1269,1525
1269,1526
1270,654
1270,656
1270,1267
1270,1268
1270,1269
1271,307
1271,366
1271,669
1271,672
1272,279
1272,669
1272,673
1273,280
1273,674
1273,676
1273,1274
1273,1275
1274,675
1274,676
1274,677
1274,1275
1274,1527
1275,280
1275,676
1275,677
1275,1274
1276,311
1276,681
1276,1040
1276,1388
1277,311
1277,681
1277,1972
1277,1973
1277,1974
1278,152
1278,311
1278,680
1278,1528
1278,1529
1279,683
1281,10
1281,137
1281,454
1281,504
1281,683
1282,315
1282,685
1282,687
1282,719
1282,943
1283,315
1283,450
1283,685
1283,1182
1283,1186
1284,217
1284,329
1284,688
1284,689
1284,1146
1285,694
1285,1286
1285,1530
1285,1531
1286,1285
1286,1530
1286,1531
1286,1532
1286,1533
1287,754
1287,1530
1287,1531
1287,1532
1288,114
1288,340
1288,695
1288,876
1288,1975
1289,114
1289,270
1289,273
1290,697
1290,1292
1290,1293
1290,1534
1290,1535
1291,697
1291,1290
1291,1292
1291,1293
1291,1976
1292,1377
1292,1536
1292,1537
1292,1538
1292,1539
1293,1290
1293,1292
1293,1534
1293,1535
1293,1606
1294,699
1294,1295
1294,1296
1294,1297
1295,699
1295,1294
1295,1296
1295,1297
1295,2383
1296,699
1296,1294
1296,1295
1296,1297
1297,699
1297,1294
1297,1295
1297,1296
1298,699
1298,1540
1298,1541
1298,1542
1298,1543
1299,899
1299,1300
1299,1545
1299,1824
1300,701
1300,1299
1300,1544
1300,1545
1300,1546
1301,701
1301,899
1301,1299
1301,1300
1301,1302
1302,701
1302,899
1302,1299
1302,1301
1302,2384
1303,355
1303,704
1303,934
1303,1304
1303,1305
1304,355
1304,704
1304,1303
1304,1305
1304,2385
1305,704
1305,1303
1305,1304
1305,2385
1305,2386
1306,215
1306,1142
1306,2450
1307,1402
1307,1547
1307,1548
1307,1549
1307,1550
1308,215
1308,373
1308,716
1308,982
1309,717
1309,1184
1309,1186
1309,1283
1309,2387
1310,2388
1310,2389
1310,2390
1310,2391
1310,2392
1311,726
1311,727
1311,729
1312,730
1312,731
1312,732
1312,1178
1312,1313
1313,404
1313,410
1313,730
1313,732
1313,1178
1314,414
1314,735
1314,738
1314,1551
1314,1552
1315,735
1315,736
1315,738
1315,1551
1315,2393
1316,83
1316,84
1316,165
1316,427
1316,617
1317,84
1317,427
1317,750
1317,1316
1318,759
1318,1319
1318,1320
1318,1321
1318,1553
1319,759
1319,1318
1319,1320
1319,1321
1319,1553
1320,759
1320,1318
1320,1319
1320,1553
1321,759
1321,1318
1321,1553
1322,151
1322,429
1322,449
1322,767
1322,1651
1323,151
1323,1322
1323,1662
1323,1873
1323,2394
1324,767
1324,1322
1325,768
1325,1326
1325,1327
1326,450
1326,768
1327,768
1327,1183
1327,1325
1328,1079
1328,1329
1328,1330
1328,1673
1329,482
1329,1079
1329,1328
1329,1330
1329,2021
1330,482
1330,1079
1330,1328
1330,1329
1332,1328
1332,1329
1332,1554
1332,1555
1332,1556
1333,216
1333,477
1333,780
1333,781
1333,783
1334,804
1334,1335
1334,1336
1334,1337
1334,1557
1335,804
1335,1334
1335,1336
1335,1337
1335,1557
1336,804
1336,1334
1336,1335
1336,1337
1336,1557
1337,804
1337,1334
1337,1335
1337,1336
1337,1557
1338,458
1338,512
1338,815
1338,816
1338,817
1341,863
1341,864
1341,2395
1341,2396
1341,2397
1343,864
1343,1342
1343,1804
1344,866
1344,870
1344,1345
1344,1346
1345,869
1346,662
1346,837
1346,869
1347,648
1347,874
1347,1508
1347,1725
1347,2398
1348,875
1348,1349
1348,2399
1348,2400
1348,2401
1349,1348
1349,2400
1350,302
1350,342
1350,885
1350,1576
1352,717
1352,893
1352,894
1352,895
1352,1353
1353,717
1353,893
1353,894
1353,895
1353,1352
1354,726
1354,903
1354,904
1354,2511
1355,904
1355,1558
1355,1559
1355,1560
1355,1561
1356,726
1356,903
1356,904
1356,1354
1356,2402
1357,1358
1357,1359
1357,2403
1357,2404
1357,2405
1358,1359
1358,2403
1358,2404
1358,2405
1358,2406
1359,1358
1359,2403
1359,2404
1359,2405
1359,2407
1360,527
1360,741
1360,908
1360,909
1362,156
1362,367
1362,368
1362,615
1362,1361
1363,30
1363,48
1363,49
1363,1237
1364,22
1364,37
1364,111
1364,435
1364,915
1365,754
1365,1562
1365,1563
1365,1564
1365,1565
1366,190
1366,923
1366,1367
1366,1369
1367,190
1367,923
1367,1366
1367,1369
1367,2408
1368,190
1368,923
1368,1010
1368,1415
1368,2409
1369,190
1369,923
1369,1366
1369,1368
1369,2409
1370,928
1370,2420
1370,2491
1370,2535
1371,2410
1371,2411
1371,2412
1371,2413
1371,2414
1372,788
1372,928
1372,929
1372,1566
1372,1567
1373,927
1373,930
1373,931
1373,1090
1373,1374
1374,927
1374,931
1374,2415
1374,2416
1374,2417
1375,934
1375,935
1375,1021
1375,1022
1375,1376
1376,934
1376,935
1376,1021
1376,1022
1376,1375
1377,797
1377,934
1377,936
1377,1378
1377,1379
1378,524
1378,797
1378,936
1378,1377
1378,1379
1379,797
1379,936
1379,1377
1379,1378
1379,2418
1380,794
1380,796
1380,798
1380,937
1380,2419
1381,524
1381,794
1381,796
1381,798
1382,512
1382,817
1382,942
1382,1383
1382,1790
1383,512
1383,817
1383,942
1383,1382
1383,1790
1384,512
1384,789
1384,816
1384,942
1385,314
1385,619
1385,953
1385,1386
1385,1387
1386,166
1386,953
1386,2420
1386,2421
1386,2422
1387,314
1387,844
1387,1385
1387,1386
1387,1568
1388,18
1388,1241
1388,1964
1388,2423
1388,2424
1389,851
1389,1390
1389,1393
1389,2631
1390,960
1390,1389
1390,2425
1390,2629
1390,2631
1391,961
1391,1392
1391,1843
1391,1844
1391,2425
1392,961
1392,962
1392,1391
1392,1843
1392,1844
1393,960
1393,1389
1393,1390
1393,2630
1394,31
1394,84
1394,968
1394,1395
1395,167
1395,427
1395,968
1395,1569
1395,1570
1396,819
1396,1083
1396,1093
1396,1103
1396,1398
1397,1071
1397,1082
1397,1083
1397,1571
1397,1572
1398,819
1399,881
1399,974
1399,975
1399,976
1399,1044
1400,976
1400,1894
1400,1895
1400,2062
1401,881
1401,973
1401,979
1401,980
1401,2426
1402,983
1402,1307
1402,1547
1402,1548
1402,1549
1403,1857
1403,2086
1403,2543
1404,1402
1404,1548
1404,1616
1404,1617
1404,2427
1405,896
1405,988
1405,989
1405,990
1406,898
1406,993
1407,302
1407,511
1408,151
1408,429
1408,449
1408,1241
1408,1651
1409,995
1409,1410
1409,1575
1409,2428
1409,2429
1410,995
1410,1573
1410,1574
1410,1575
1410,1576
1411,898
1411,995
1411,1575
1412,725
1412,901
1412,997
1412,998
1412,1052
1413,190
1413,1010
1413,1011
1413,2409
1415,190
1415,923
1415,1368
1415,2409
1416,1013
1416,1054
1416,1055
1416,1056
1416,1057
1418,940
1418,1027
1418,1028
1418,1029
1418,1419
1419,28
1419,120
1419,421
1419,1418
1419,2430
1420,971
1420,1042
1420,1421
1421,971
1421,1042
1421,1420
1421,2431
1421,2432
1422,1051
1422,1423
1422,1424
1422,2433
1423,636
1423,994
1423,1051
1423,1422
1423,2433
1424,1051
1424,1422
1424,2433
1425,337
1425,481
1425,785
1425,1154
1425,2434
1426,776
1426,921
1426,1009
1426,1056
1426,1577
1427,190
1427,620
1427,1056
1427,1578
1427,1579
1428,921
1428,1009
1429,927
1429,1097
1429,1430
1429,1444
1429,1758
1430,1429
1431,1072
1432,9
1432,1077
1432,1433
1432,1591
1432,2435
1433,1077
1433,1432
1433,2436
1433,2437
1433,2438
1434,445
1434,1078
1434,1433
1435,1432
1435,1433
1435,1434
1435,1591
1436,8
1436,22
1436,719
1436,1084
1437,1084
1437,1436
1437,1438
1437,1580
1438,1084
1438,1436
1438,1437
1438,1580
1438,1581
1440,1087
1440,1094
1440,1441
1440,1442
1441,117
1441,1440
1441,1442
1442,1094
1442,1440
1442,1441
1442,1443
1443,1094
1443,1442
1444,927
1444,1063
1444,1090
1444,1097
1444,1429
1445,1110
1445,2439
1445,2440
1445,2441
1445,2442
1446,1112
1446,1448
1448,1446
1449,1106
1449,1116
1449,1451
1449,1763
1450,1106
1450,1115
1450,1116
1450,1449
1451,1106
1451,1115
1451,1116
1451,1449
1453,2443
1453,2444
1453,2445
1453,2446
1453,2447
1455,1118
1456,2276
1456,2324
1456,2443
1457,1126
1457,1128
1457,1458
1458,288
1458,1126
1458,1128
1458,1457
1459,1129
1459,1131
1459,1460
1459,1582
1459,1583
1460,1131
1460,1459
1460,1582
1460,1583
1461,1142
1461,1143
1461,1462
1461,2448
1461,2449
1462,1142
1462,1143
1462,1461
1462,2448
1462,2449
1463,215
1463,326
1463,1142
1463,2449
1463,2450
1464,217
1464,327
1464,329
1464,688
1464,1146
1465,337
1465,481
1465,785
1465,902
1465,1151
1466,481
1466,696
1466,902
1466,1156
1466,1584
1467,337
1467,479
1467,481
1468,337
1468,481
1468,1154
1468,2451
1468,2452
1469,1585
1469,1586
1469,1587
1469,1588
1469,1589
1470,337
1470,902
1470,1156
1470,1466
1471,336
1471,481
1471,785
1471,1156
1472,63
1472,307
1472,359
1473,1043
1473,1159
1473,1472
1474,1159
1475,403
1475,1171
1475,1172
1475,1173
1476,33
1476,56
1476,94
1476,95
1477,33
1477,94
1477,151
1477,1181
1477,2161
1478,158
1478,1188
1478,1190
1479,158
1479,317
1479,453
1479,768
1480,454
1480,456
1480,1191
1480,1192
1480,1193
1481,165
1481,167
1481,457
1481,1039
1481,1194
1482,117
1482,1764
1483,194
1483,1199
1483,2453
1483,2454
1483,2455
1484,93
1484,429
1484,449
1484,1241
1485,1202
1485,1486
1485,1487
1485,1488
1485,2456
1486,1202
1486,1485
1486,1487
1486,1488
1486,2456
1487,93
1487,1202
1487,1485
1487,1486
1487,1488
1488,1202
1488,1485
1488,1486
1488,1487
1488,2456
1489,13
1489,23
1489,473
1489,1204
1489,1372
1490,23
1490,1204
1490,2457
1490,2458
1490,2459
1491,20
1491,473
1492,1211
1492,1493
1492,1712
1493,491
1493,492
1493,1208
1493,1209
1493,2460
1494,6
1494,100
1494,1952
1494,2461
1494,2462
1495,1590
1495,1591
1495,1592
1495,1593
1495,1594
1496,1215
1496,1494
1496,1593
1496,2137
1497,931
1498,1499
1498,2547
1499,1498
1499,2547
1500,1220
1500,1501
1500,1502
1500,1504
1501,1220
1501,1500
1501,1503
1501,1504
1501,2463
1502,1220
1502,1500
1502,1501
1502,1504
1502,2463
1503,1220
1503,1500
1503,1501
1503,1502
1503,2463
1504,1220
1504,1500
1504,1501
1504,1502
1504,2463
1505,1229
1505,1506
1505,2464
1505,2465
1505,2466
1506,1229
1506,1505
1506,2467
1506,2468
1506,2469
1507,530
1507,1960
1507,2568
1508,648
1508,754
1508,1347
1508,1725
1509,114
1509,432
1509,433
1509,756
1510,294
1510,543
1510,1236
1510,1511
1510,1512
1511,294
1511,1236
1512,294
1512,543
1512,1236
1512,1510
1512,1511
1513,1239
1513,1514
1513,2470
1513,2471
1513,2472
1514,556
1514,1513
1514,2470
1514,2472
1516,1595
1516,1596
1516,1597
1516,1598
1516,1599
1517,618
1517,1252
1517,1253
1517,1518
1517,1600
1518,1252
1518,1970
1519,1255
1519,2473
1519,2474
1519,2475
1519,2476
1520,166
1521,642
1521,1257
1521,1260
1521,2477
1522,150
1522,580
1523,656
1523,1267
1523,1268
1523,1269
1523,1524
1524,656
1524,1267
1524,1268
1524,1269
1524,1523
1525,1601
1525,1602
1525,1603
1525,1604
1525,1605
1526,656
1526,1269
1526,1602
1527,280
1527,676
1527,677
1527,1274
1527,1275
1528,1278
1528,1529
1529,18
1529,458
1529,681
1529,1528
1530,754
1530,1285
1530,1286
1530,1532
1530,2478
1531,432
1531,1286
1531,2618
1532,435
1532,754
1532,1530
1532,2489
1533,1286
1533,1530
1533,2398
1533,2479
1533,2480
1534,1292
1534,1293
1534,1535
1534,1606
1534,1607
1535,1292
1535,1293
1535,1534
1535,1606
1535,1607
1536,238
1536,249
1536,343
1537,1608
1537,1609
1537,1610
1537,1611
1537,1612
1538,223
1538,238
1538,239
1538,240
1538,663
1540,699
1540,1296
1540,1298
1540,1541
1540,1542
1541,699
1541,1298
1541,1540
1541,1542
1541,1543
1542,699
1542,1298
1542,1540
1542,1541
1542,2481
1543,699
1543,1298
1543,1540
1543,1541
1543,1613
1544,701
1544,1299
1544,1300
1544,1545
1544,1546
1545,899
1545,1299
1545,1300
1545,1824
1546,701
1546,1299
1546,1300
1546,1544
1546,1614
1547,1307
1547,1402
1547,1548
1547,2482
1547,2483
1548,1307
1548,1402
1548,1547
1548,2482
1548,2483
1549,983
1549,1402
1549,1856
1550,1402
1550,1548
1550,1615
1550,1616
1550,1617
1551,735
1551,738
1551,1314
1552,257
1552,1314
1552,1680
1553,759
1553,1318
1553,1320
1554,1328
1554,1329
1554,1332
1554,1555
1554,1556
1555,99
1555,1661
1555,2484
1555,2485
1555,2486
1556,1328
1556,1329
1556,1332
1556,1554
1556,2487
1557,1024
1557,1334
1557,1335
1557,1336
1557,1337
1558,1355
1559,691
1559,1355
1559,1560
1560,1355
1560,1559
1560,1561
1561,691
1561,1355
1561,1559
1561,1560
1562,645
1562,648
1562,1223
1562,1954
1562,1958
1563,435
1563,1224
1563,1365
1563,2488
1563,2489
1564,432
1564,754
1564,1365
1564,1562
1564,1565
1565,432
1565,1365
1565,1562
1565,1563
1565,1564
1566,788
1566,929
1566,1567
1566,2490
1566,2491
1567,929
1567,1372
1567,1566
1567,2490
1568,619
1568,1386
1568,1387
1570,1618
1570,1619
1570,1620
1570,1621
1570,1622
1571,1623
1571,1624
1571,1625
1572,1571
1572,1623
1572,1624
1572,1625
1572,1626
1573,995
1573,1410
1573,1574
1573,1575
1573,1576
1575,302
1575,303
1575,403
1575,1409
1575,1411
1576,899
1576,1824
1576,1825
1576,1930
1577,1426
1578,620
1578,1427
1578,1627
1578,1628
1578,1629
1579,1630
1579,1631
1579,1632
1579,1633
1579,1634
1580,1436
1580,1437
1580,1438
1581,1084
1581,1436
1581,1437
1581,1906
1581,2113
1582,1131
1582,1459
1582,1460
1582,1583
1583,1459
1583,1460
1583,1582
1584,337
1584,696
1584,885
1584,1158
1584,1466
1585,1469
1585,1586
1585,1588
1585,1635
1586,1469
1586,1585
1586,1587
1586,1588
1586,1635
1587,1469
1587,1585
1587,1586
1587,1588
1587,1635
1588,1469
1588,1585
1588,1586
1588,1635
1589,1469
1589,1586
1589,1587
1589,1588
1589,1635
1590,1495
1590,1592
1590,1594
1591,1432
1591,1435
1591,1495
1591,1592
1592,1495
1592,1590
1592,1591
1593,1213
1593,1495
1593,1951
1593,2492
1593,2493
1594,1495
1594,1590
1594,1592
1594,2494
1594,2495
1595,1516
1595,1596
1595,1597
1595,1598
1595,1599
1596,1516
1596,1597
1596,1598
1596,1636
1596,1637
1597,1596
1597,1598
1597,1636
1597,1637
1597,1638
1598,1595
1598,1596
1598,1597
1598,1599
1598,1636
1599,1595
1599,1598
1601,1525
1601,1602
1601,1603
1601,1604
1601,1605
1602,224
1602,1408
1603,1525
1603,1601
1603,1602
1603,1604
1603,1605
1604,1601
1604,1602
1604,1603
1605,1525
1605,1601
1605,1602
1605,1603
1605,1604
1606,1292
1606,1293
1606,1534
1606,1535
1606,1607
1607,1292
1607,1293
1607,1534
1607,1535
1607,1606
1608,1537
1608,1610
1608,1611
1608,1612
1608,1639
1609,1537
1609,1608
1609,1610
1609,1611
1609,1612
1610,1537
1610,1608
1610,1609
1610,1611
1610,1612
1611,1537
1611,1608
1611,1610
1611,1612
1611,1639
1612,1608
1612,1609
1612,1610
1612,1611
1612,1639
1614,701
1614,1300
1614,1301
1614,1544
1614,1546
1615,1548
1615,1550
1615,1616
1615,1617
1615,2496
1616,1307
1616,1402
1616,1548
1616,1550
1616,1615
1617,983
1617,2496
1617,2497
1617,2498
1617,2499
1618,1570
1618,1619
1618,1620
1618,1621
1618,1622
1619,1570
1619,1618
1619,1620
1619,1621
1619,1622
1620,1570
1620,1618
1620,1619
1620,1621
1620,1622
1621,1570
1621,1618
1621,1619
1621,1620
1621,1622
1622,1618
1622,1619
1622,1620
1622,1621
1623,1571
1623,1572
1623,1624
1624,1571
1624,1572
1624,1623
1624,1625
1624,1626
1625,1571
1625,1572
1625,1623
1625,1624
1626,819
1626,1398
1626,1571
1626,1623
1627,1578
1627,1640
1627,1641
1627,1642
1627,1643
1628,117
1628,243
1628,1578
1628,2500
1628,2501
1629,190
1629,467
1629,1366
1630,1579
1630,2502
1630,2503
1630,2504
1630,2505
1631,1632
1631,1633
1631,2506
1631,2507
1631,2508
1632,1631
1632,1633
1632,2506
1632,2507
1632,2508
1633,1631
1633,1632
1633,2506
1633,2507
1633,2508
1634,1631
1634,1632
1634,2507
1634,2508
1635,1469
1635,1585
1635,1586
1635,1587
1635,1588
1636,1596
1636,1597
1636,1598
1636,1637
1637,1596
1637,1597
1637,1598
1637,1636
1637,1638
1638,1596
1638,1597
1638,1599
1639,1537
1639,1608
1639,1609
1639,1611
1639,1612
1640,1627
1643,1483
1644,422
1644,541
1645,422
1645,505
1645,703
1646,160
1646,161
1646,313
1646,426
1646,512
1647,80
1647,1648
1647,2566
1647,2567
1648,80
1648,1647
1648,2566
1648,2567
1649,54
1649,84
1649,152
1649,428
1650,966
1651,33
1651,331
1652,116
1652,1241
1652,1408
1652,2096
1654,441
1655,130
1655,441
1656,442
1656,1657
1656,1658
1656,1977
1656,1978
1657,442
1657,1656
1657,1658
1657,1977
1658,442
1658,1656
1658,1657
1659,1958
1659,1979
1659,1980
1659,1981
1659,1982
1660,442
1660,1657
1661,445
1662,447
1662,1201
1662,1983
1662,1984
1662,1985
1663,331
1663,449
1663,1201
1663,1986
1663,1987
1664,449
1665,459
1665,1666
1665,1667
1665,1988
1665,1989
1666,459
1666,1084
1666,1665
1666,1667
1667,22
1667,459
1667,1665
1667,1666
1667,1668
1668,459
1668,1666
1668,1667
1668,1988
1669,12
1669,294
1669,346
1670,99
1670,597
1670,837
1670,1246
1671,216
1671,476
1671,477
1671,782
1671,1990
1672,481
1672,1673
1673,481
1673,594
1674,241
1674,244
1674,251
1674,1676
1674,1991
1675,241
1675,244
1675,252
1675,1674
1675,1676
1676,241
1676,244
1676,1674
1677,236
1677,249
1677,493
1677,1678
1678,221
1678,493
1678,1677
1679,220
1679,493
1679,582
1679,1677
1680,150
1680,495
1680,735
1680,1552
1680,1681
1681,257
1681,495
1681,641
1681,1552
1681,1680
1682,11
1682,26
1682,267
1682,500
1682,1683
1683,11
1683,26
1683,267
1683,500
1683,1682
1684,505
1684,541
1684,1992
1684,1993
1684,1994
1685,1995
1685,1996
1685,1997
1685,1998
1685,1999
1686,15
1686,178
1686,507
1687,76
1687,1761
1688,302
1688,511
1688,1689
1688,2000
1689,302
1689,511
1689,1688
1689,2000
1690,302
1690,511
1690,1688
1690,1689
1690,2000
1691,513
1691,685
1691,687
1691,1044
1691,1692
1693,516
1693,1694
1693,1695
1693,2001
1693,2002
1694,516
1694,1693
1694,1695
1694,2001
1694,2002
1695,513
1695,516
1695,1693
1695,1694
1695,2001
1696,76
1696,932
1696,1376
1696,1774
1696,2003
1697,37
1697,319
1697,556
1697,586
1697,587
1698,11
1698,382
1698,383
1699,11
1699,26
1699,349
1699,382
1699,383
1700,837
1700,1670
1701,554
1701,2004
1701,2005
1701,2006
1701,2007
1702,555
1702,1704
1702,1705
1702,2008
1702,2009
1703,555
1703,1702
1703,1704
1703,2008
1703,2009
1704,555
1704,1702
1704,1705
1704,2008
1704,2009
1705,555
1705,1704
1705,2008
1705,2009
1706,6
1706,20
1706,23
1706,176
1706,2010
1707,21
1707,404
1707,446
1707,1708
1707,2011
1708,574
1708,1707
1708,1709
1708,2012
1708,2013
1709,574
1709,1707
1709,1708
1709,2012
1709,2013
1710,216
1710,475
1710,575
1711,575
1711,1650
1712,492
1712,580
1712,1217
1712,1259
1713,580
1715,186
1715,466
1715,584
1715,1717
1716,466
1716,584
1716,1715
1716,1717
1717,584
1717,1715
1717,1716
1718,93
1718,194
1718,429
1718,1201
1719,147
1719,603
1719,604
1719,605
1719,607
1720,194
1720,772
1720,1008
1720,2014
1720,2015
1721,151
1721,331
1721,627
1721,628
1721,848
1722,4
1722,19
1722,73
1722,567
1722,629
1723,4
1723,19
1723,629
1724,211
1724,858
1724,859
1724,1803
1725,874
1725,1347
1725,1508
1726,649
1727,214
1727,649
1727,650
1727,1728
1728,650
1728,1727
1729,652
1729,752
1729,1730
1730,652
1730,752
1730,1729
1731,658
1731,1733
1732,658
1732,1731
1732,1733
1733,658
1733,1731
1734,1342
1735,659
1736,657
1736,660
1736,1737
1736,1738
1736,2016
1737,227
1737,380
1737,657
1737,660
1737,2016
1738,227
1738,380
1738,657
1738,660
1738,2016
1739,241
1739,244
1739,250
1739,2017
1739,2018
1740,281
1740,672
1740,2019
1740,2020
1740,2021
1741,281
1741,669
1741,672
1741,1271
1741,1740
1742,679
1742,1743
1742,2023
1743,679
1743,1742
1743,2022
1743,2023
1743,2024
1744,452
1744,686
1745,686
1745,927
1747,688
1747,689
1747,690
1748,373
1748,712
1748,713
1748,714
1748,715
1749,726
1749,1752
1749,2025
1749,2026
1749,2027
1750,401
1750,727
1750,1751
1750,1752
1751,401
1751,727
1751,1750
1752,726
1752,727
1752,1749
1752,2026
1752,2027
1753,738
1753,2028
1754,97
1754,206
1754,234
1755,346
1755,367
1755,368
1755,2166
1756,743
1756,1864
1756,2029
1756,2030
1756,2031
1757,747
1757,748
1757,911
1757,1004
1757,1005
1758,160
1758,161
1758,314
1758,760
1758,1759
1759,160
1759,760
1759,1758
1760,438
1760,439
1760,561
1760,761
1760,812
1761,1687
1762,439
1762,561
1762,562
1762,761
1762,813
1763,774
1763,1449
1764,191
1764,774
1764,920
1764,1008
1765,469
1765,772
1765,774
1765,920
1765,1763
1766,191
1766,623
1766,778
1767,786
1767,1769
1767,1770
1767,1771
1767,2032
1768,786
1768,1767
1768,1769
1769,786
1769,1767
1769,1770
1769,1771
1769,2032
1770,786
1770,1767
1770,1768
1771,786
1771,1767
1771,1769
1771,1770
1771,2032
1772,514
1772,790
1772,791
1772,1773
1772,2033
1773,514
1773,790
1773,791
1773,1772
1773,2033
1774,238
1774,525
1774,792
1774,794
1774,1696
1775,339
1775,2034
1775,2035
1775,2036
1775,2037
1776,339
1776,932
1776,2038
1776,2039
1776,2040
1777,793
1777,797
1777,932
1777,934
1777,2039
1778,801
1778,1780
1778,1858
1778,2194
1779,248
1779,801
1779,1781
1779,2041
1779,2042
1780,234
1780,248
1780,801
1780,1778
1781,281
1781,867
1781,1779
1781,2021
1781,2043
1782,541
1782,802
1782,803
1782,805
1782,806
1783,813
1784,2176
1784,2314
1785,809
1785,2044
1785,2045
1785,2046
1785,2047
1788,972
1790,512
1790,817
1790,942
1790,1382
1790,1383
1791,617
1791,819
1791,820
1792,819
1792,820
1792,1791
1793,470
1793,572
1793,1794
1793,2048
1793,2049
1794,470
1794,572
1794,598
1794,926
1794,1793
1795,636
1795,849
1796,636
1796,849
1796,850
1796,1797
1797,849
1797,2050
1797,2051
1797,2052
1797,2053
1798,636
1798,849
1798,1795
1799,853
1799,2555
1800,853
1800,1799
1800,1801
1800,1802
1801,853
1801,1799
1801,1800
1801,1802
1802,853
1802,1491
1802,1799
1802,1800
1802,1801
1803,858
1803,859
1803,1724
1803,2054
1803,2055
1804,864
1804,1343
1805,864
1806,866
1806,867
1806,2601
1807,661
1807,869
1807,1123
1808,273
1808,876
1808,2056
1808,2057
1808,2058
1809,39
1809,877
1809,1810
1810,86
1810,114
1810,877
1810,1809
1811,114
1811,432
1811,435
1811,756
1811,878
1812,882
1812,1814
1812,1816
1812,1894
1812,2059
1813,975
1813,976
1813,2060
1813,2061
1813,2062
1814,974
1814,1852
1814,1894
1814,2062
1815,1817
1815,1894
1817,974
1817,976
1817,1400
1817,2062
1818,33
1818,93
1818,2063
1818,2064
1818,2065
1819,889
1819,892
1819,986
1819,1045
1820,717
1821,897
1821,1930
1822,193
1822,724
1822,897
1822,1818
1823,897
1824,302
1824,303
1824,1299
1824,1930
1825,899
1825,1576
1825,1824
1825,1930
1827,941
1827,1828
1827,1829
1827,1830
1828,941
1828,1827
1828,1829
1828,1830
1828,2066
1829,941
1829,1827
1829,1828
1829,1830
1829,2066
1830,941
1830,1827
1830,1828
1830,1829
1830,2066
1831,948
1831,1832
1831,1834
1831,1835
1832,154
1832,342
1832,948
1832,1831
1832,1963
1833,139
1833,154
1835,948
1835,1831
1835,1834
1836,949
1836,1837
1836,1838
1836,1839
1836,1840
1837,949
1837,1836
1837,1839
1837,2067
1837,2068
1838,27
1838,1836
1838,1839
1838,1840
1839,1836
1839,1837
1839,1840
1839,2069
1839,2070
1840,445
1840,1839
1840,2069
1840,2071
1840,2072
1841,18
1841,952
1841,965
1842,952
1842,966
1842,1841
1843,961
1843,962
1843,1391
1843,1844
1844,961
1844,962
1844,1391
1844,1843
1845,2073
1845,2074
1845,2075
1845,2076
1845,2077
1846,860
1846,963
1846,1847
1846,2075
1847,860
1847,963
1847,1845
1848,952
1848,966
1849,966
1849,2078
1849,2079
1849,2080
1849,2081
1850,304
1850,505
1850,532
1850,972
1851,76
1851,78
1851,679
1851,2244
1852,976
1852,1044
1852,1399
1853,980
1853,2082
1853,2083
1853,2084
1853,2085
1854,889
1854,981
1854,984
1854,1857
1854,2086
1855,983
1855,1549
1855,1856
1856,983
1856,1549
1856,1855
1857,889
1857,2086
1857,2087
1857,2088
1857,2089
1858,248
1858,801
1858,1778
1858,2042
1858,2090
1859,248
1859,406
1859,999
1859,1780
1860,1000
1860,2091
1860,2092
1861,1000
1861,1863
1862,2336
1862,2346
1863,906
1863,1002
1863,1859
1863,1861
1865,1007
1865,1864
1865,1867
1865,1868
1866,1007
1866,1864
1866,1867
1866,1868
1866,2093
1867,676
1867,1866
1867,1868
1867,2093
1867,2094
1868,1007
1868,1864
1868,1866
1868,1867
1868,2094
1869,117
1869,132
1869,2095
1869,2096
1869,2097
1870,1011
1870,1058
1871,1011
1871,1013
1871,1054
1871,1055
1872,924
1872,925
1872,1015
1872,1016
1872,2620
1873,33
1873,94
1873,95
1873,151
1873,1662
1874,1018
1875,117
1875,470
1875,768
1876,409
1876,1020
1876,1878
1876,2098
1877,1020
1877,1876
1877,1878
1877,1879
1877,2098
1878,1020
1878,1876
1878,1877
1878,1879
1878,2098
1879,1020
1879,1876
1879,1877
1879,1878
1879,2098
1880,938
1880,1023
1880,1881
1880,1883
1880,2099
1881,1023
1881,1880
1881,1883
1881,2099
1882,1023
1882,1880
1882,1881
1882,1883
1883,1023
1883,1880
1883,1881
1884,696
1884,1025
1884,1026
1884,1158
1884,2100
1885,532
1885,1026
1885,1851
1885,2310
1886,687
1886,719
1886,943
1886,1032
1886,1033
1887,951
1887,1037
1887,1038
1887,1888
1888,398
1888,951
1888,1037
1888,1887
1889,951
1889,1038
1889,1361
1889,2101
1889,2102
1890,1041
1890,1891
1892,307
1892,359
1892,971
1892,1043
1892,1159
1893,359
1893,1043
1895,975
1895,976
1895,1044
1895,1400
1895,1894
1896,1013
1896,1054
1896,1871
1897,1055
1897,2103
1897,2104
1897,2105
1897,2106
1898,1055
1898,1871
1899,193
1899,919
1899,2107
1899,2108
1899,2109
1901,1059
1901,1900
1903,1063
1903,1097
1905,1065
1905,1090
1905,1758
1906,1085
1906,2110
1906,2111
1906,2112
1906,2113
1907,1085
1907,1908
1907,2114
1907,2116
1908,1085
1908,1907
1908,2114
1908,2115
1908,2116
1909,931
1909,1065
1909,1090
1909,1444
1909,2117
1910,1089
1910,1096
1910,1099
1911,1089
1911,1096
1911,1098
1911,1099
1912,1100
1912,1101
1912,1102
1912,1913
1912,1914
1913,1100
1913,1101
1913,1102
1913,1912
1913,1914
1914,1100
1914,1101
1914,1102
1914,1912
1914,1913
1915,1095
1915,1106
1915,1107
1915,1108
1916,1113
1916,1114
1916,1917
1916,1918
1916,1920
1917,1113
1917,1114
1917,1916
1917,1918
1917,1920
1918,1113
1918,1114
1918,1916
1918,1917
1920,1113
1920,1114
1920,1916
1920,1917
1921,8
1921,210
1921,302
1921,445
1921,2594
1922,99
1923,67
1923,281
1923,307
1923,372
1923,1132
1924,316
1924,346
1924,1136
1924,1137
1924,2118
1925,37
1925,181
1925,319
1925,1926
1926,319
1926,1140
1926,1925
1927,1141
1928,1145
1928,1929
1928,2120
1928,2121
1929,371
1929,1928
1929,2119
1929,2120
1929,2121
1930,899
1930,1576
1930,1824
1930,1825
1931,303
1931,342
1931,403
1931,481
1931,1150
1932,1150
1932,1931
1932,1933
1932,1934
1933,303
1933,342
1933,403
1933,1150
1933,2122
1934,342
1934,403
1934,1150
1934,1932
1935,1161
1935,1938
1935,2123
1935,2124
1935,2125
1936,1161
1936,1935
1936,2126
1936,2127
1936,2128
1938,1161
1938,1935
1938,2123
1939,8
1939,479
1939,480
1939,481
1939,1162
1940,1162
1940,1939
1940,2129
1940,2130
1940,2131
1941,450
1941,1182
1941,1283
1942,452
1942,1185
1942,1186
1943,317
1943,452
1943,1185
1943,1942
1944,452
1944,1185
1944,1186
1945,453
1945,647
1945,1189
1946,1189
1947,1189
1947,1261
1947,1946
1948,1197
1948,1198
1948,1949
1949,1197
1949,1198
1949,1948
1950,481
1950,484
1950,1206
1950,1207
1950,1673
1951,1213
1951,1495
1951,1593
1951,2132
1951,2133
1952,1213
1952,1494
1952,1953
1952,2135
1952,2137
1953,2134
1953,2135
1953,2136
1953,2137
1953,2138
1954,646
1954,648
1954,1223
1954,1562
1954,1955
1955,648
1955,1223
1955,1954
1955,1956
1956,1223
1956,1955
1957,435
1957,754
1957,1224
1957,1562
1959,527
1959,1227
1959,2139
1959,2140
1959,2141
1960,527
1960,1227
1960,1507
1960,2141
1961,527
1961,738
1961,1227
1961,1959
1961,2142
1962,532
1962,972
1962,1233
1962,2143
1962,2144
1963,151
1963,449
1963,1241
1964,1241
1964,2145
1964,2146
1964,2147
1964,2148
1965,608
1965,1966
1965,2149
1965,2150
1965,2151
1966,1965
1966,2149
1966,2150
1966,2151
1966,2152
1967,608
1967,609
1967,1247
1967,1966
1967,2151
1968,610
1968,1251
1970,1252
1970,1253
1970,1518
1971,192
1971,193
1971,655
1971,1265
1971,1266
1972,311
1972,1277
1972,1974
1972,2153
1972,2154
1973,18
1973,617
1973,681
1974,1277
1974,1972
1974,2153
1974,2154
1975,114
1975,270
1975,432
1975,435
1976,697
1976,1291
1977,1659
1978,1977
1979,1659
1979,1958
1979,1980
1980,1659
1980,1979
1980,2155
1980,2156
1980,2157
1981,1659
1981,1980
1982,1659
1982,1979
1982,2158
1982,2159
1982,2160
1984,151
1984,447
1984,517
1984,1662
1984,2161
1985,151
1985,331
1985,447
1985,517
1985,518
1986,33
1986,1663
1986,1873
1986,1987
1987,448
1987,449
1987,767
1987,1241
1987,1986
1988,459
1988,1665
1988,1666
1988,1667
1988,1668
1989,9
1989,455
1989,459
1989,1665
1989,1988
1991,241
1991,244
1991,1674
1991,1675
1991,1676
1992,505
1992,541
1992,1684
1992,1993
1993,505
1993,1684
1993,1992
1993,1994
1994,505
1994,1684
1994,1992
1994,1993
1995,1685
1995,1996
1995,1997
1995,1998
1995,1999
1996,1685
1996,1995
1996,1997
1996,1998
1996,1999
1998,1685
1998,1995
1998,1996
1998,1997
1998,1999
1999,21
1999,37
1999,1685
1999,1995
1999,1996
2000,302
2000,511
2000,1688
2000,1689
2001,513
2001,516
2001,1693
2001,1694
2001,1695
2002,515
2002,1693
2002,1694
2002,1695
2003,794
2003,795
2003,933
2003,934
2003,1696
2004,100
2004,554
2004,1701
2004,2005
2004,2006
2005,307
2005,554
2005,1701
2005,2004
2005,2006
2006,101
2006,366
2006,554
2006,1701
2006,2007
2007,366
2007,554
2007,1701
2007,2006
2008,1702
2008,1703
2008,1704
2008,1705
2008,2009
2009,1702
2009,1703
2009,1704
2009,1705
2009,2008
2010,555
2010,1706
2011,2575
2012,574
2012,1707
2012,1708
2012,1709
2012,2013
2013,574
2013,1707
2013,1708
2013,1709
2013,2012
2015,471
2016,227
2016,380
2016,657
2016,660
2016,1737
2017,241
2017,244
2017,1739
2018,2096
2019,569
2019,1740
2019,2020
2019,2021
2020,99
2020,100
2020,1271
2020,1740
2020,2162
2021,5
2021,482
2021,2163
2021,2164
2021,2165
2022,679
2022,1742
2022,1743
2022,2023
2022,2024
2023,679
2023,1742
2023,1743
2023,2022
2024,76
2024,121
2024,285
2024,679
2024,1742
2025,1186
2025,1749
2025,2026
2026,1309
2026,1354
2026,1749
2026,1752
2026,2027
2027,1749
2027,1752
2027,2025
2027,2026
2029,367
2029,368
2029,2166
2029,2167
2029,2168
2031,367
2031,542
2031,1362
2031,2030
2031,2166
2032,786
2032,1767
2032,1769
2032,1770
2032,1771
2033,790
2033,791
2033,1772
2033,1773
2033,2169
2034,1775
2034,1776
2034,2035
2035,792
2035,793
2035,932
2035,1775
2038,797
2038,1377
2038,2585
2039,793
2039,797
2039,1777
2040,793
2040,797
2040,932
2040,935
2040,1776
2041,1779
2041,1781
2041,2194
2041,2612
2042,204
2042,492
2042,869
2042,1779
2042,1858
2043,281
2043,867
2043,1779
2043,1781
2043,2021
2044,809
2044,814
2044,1785
2044,2045
2044,2046
2045,1785
2045,2044
2045,2046
2045,2170
2045,2171
2046,809
2046,1785
2046,2044
2046,2045
2047,2172
2047,2173
2047,2174
2047,2175
2047,2176
2048,622
2048,1793
2048,1794
2048,2049
2049,470
2049,845
2049,1793
2049,1794
2050,181
2050,636
2051,1797
2051,2050
2051,2053
2052,1797
2052,2050
2053,2050
2053,2051
2054,858
2054,859
2054,1724
2054,1803
2055,211
2055,858
2055,1724
2055,1803
2056,22
2056,698
2056,876
2058,273
2058,2057
2059,976
2059,979
2059,2177
2059,2178
2059,2179
2060,975
2060,976
2060,1044
2060,1894
2060,1895
2062,975
2062,976
2062,1400
2062,1817
2062,1894
2063,1818
2064,1818
2065,1818
2066,1827
2066,1828
2066,1830
2067,949
2067,1836
2067,1837
2067,1838
2068,1836
2068,1837
2068,1839
2068,1840
2069,1836
2069,1837
2069,1839
2069,1840
2070,1839
2070,2069
2071,445
2072,6
2072,1836
2072,1840
2073,963
2073,1845
2073,2074
2073,2075
2073,2076
2074,963
2074,1845
2074,2073
2074,2075
2074,2076
2075,963
2075,1845
2075,2073
2075,2074
2075,2076
2076,1845
2076,2073
2076,2074
2076,2075
2076,2180
2078,27
2078,76
2078,302
2078,2181
2078,2182
2079,966
2079,1849
2079,2183
2079,2184
2079,2185
2080,2186
2080,2187
2081,966
2081,1849
2081,2079
2081,2186
2081,2187
2082,980
2082,1853
2082,2085
2083,1853
2083,2646
2084,718
2084,881
2084,1309
2085,980
2085,1853
2085,2082
2086,889
2086,1857
2087,2188
2087,2189
2087,2190
2087,2191
2087,2192
2090,1858
2090,2193
2090,2194
2090,2195
2090,2196
2091,346
2091,717
2091,2092
2092,2091
2093,1864
2093,1866
2093,1867
2093,1868
2093,2197
2094,1744
2094,1865
2094,1866
2094,1867
2094,2093
2095,1869
2095,2096
2096,624
2097,1763
2098,1020
2098,1876
2098,1877
2098,1878
2098,1879
2099,1023
2099,1880
2099,1881
2100,1884
2101,840
2101,1038
2101,1361
2101,1889
2102,397
2102,1889
2103,1897
2103,2104
2103,2105
2103,2106
2103,2198
2104,1897
2104,2103
2104,2105
2104,2199
2104,2200
2105,1897
2105,2103
2105,2104
2105,2106
2105,2203
2106,2103
2106,2201
2106,2202
2106,2203
2106,2204
2108,628
2108,1721
2108,1899
2108,2205
2108,2206
2109,2207
2109,2208
2109,2209
2109,2210
2109,2211
2110,1906
2110,2111
2110,2112
2110,2212
2110,2213
2111,2214
2111,2215
2111,2216
2111,2217
2111,2218
2112,1906
2112,2110
2112,2111
2112,2215
2113,1436
2113,1906
2114,1085
2114,1907
2114,1908
2114,2116
2115,1085
2115,1907
2115,1908
2115,2116
2115,2219
2116,1085
2116,1907
2116,1908
2116,2115
2116,2219
2117,931
2117,1090
2117,2220
2117,2221
2117,2222
2118,316
2118,1136
2118,1137
2118,1138
2118,1924
2120,326
2120,1928
2120,1929
2120,2121
2121,1928
2121,1929
2121,2120
2122,342
2122,481
2122,1151
2122,1466
2123,1161
2123,1935
2123,1938
2124,2125
2125,1935
2125,2124
2126,1936
2126,2291
2127,1936
2127,2292
2127,2293
2128,1936
2128,2223
2128,2224
2128,2225
2128,2226
2129,8
2129,164
2129,303
2129,1940
2130,1162
2130,1940
2130,2129
2130,2131
2130,2227
2131,1162
2131,1940
2131,2129
2131,2130
2131,2227
2132,2492
2133,2228
2133,2229
2133,2230
2133,2231
2133,2232
2134,1953
2134,2233
2134,2234
2134,2235
2134,2236
2135,1953
2135,2134
2135,2137
2135,2138
2135,2234
2136,1953
2136,2134
2136,2135
2136,2137
2136,2138
2137,1952
2137,1953
2137,2134
2137,2135
2138,1952
2138,1953
2138,2134
2138,2135
2138,2234
2139,530
2139,738
2139,1227
2139,1959
2140,1227
2140,1959
2140,1960
2140,2237
2140,2238
2141,527
2141,530
2141,1507
2141,1959
2141,1960
2142,1961
2142,2239
2142,2240
2142,2241
2142,2242
2143,1233
2143,2243
2143,2244
2143,2245
2143,2246
2144,1885
2144,2309
2145,449
2145,1241
2145,1964
2145,2147
2146,1241
2146,1964
2146,2147
2147,1241
2147,1964
2147,2146
2148,1964
2148,2145
2149,1965
2149,1966
2149,2150
2149,2151
2150,608
2150,1965
2150,1966
2150,2149
2151,608
2151,609
2151,1965
2152,1965
2152,1966
2152,2149
2153,152
2153,1972
2153,1974
2154,957
2154,1277
2154,1972
2154,1974
2154,2247
2156,115
2157,37
2157,917
2158,1659
2158,1982
2158,2159
2158,2160
2158,2248
2159,1982
2159,2158
2159,2160
2159,2248
2159,2249
2160,1982
2160,2158
2160,2159
2160,2248
2160,2250
2161,151
2161,517
2161,1477
2161,1662
2162,569
2162,1740
2162,2019
2162,2020
2163,18
2163,1035
2163,2597
2164,6
2164,2021
2164,2251
2164,2252
2164,2253
2165,99
2165,481
2165,837
2166,367
2166,368
2166,2168
2167,368
2167,2029
2167,2166
2168,158
2168,318
2168,346
2168,1669
2169,514
2169,790
2169,791
2169,1772
2169,1773
2170,438
2170,439
2170,561
2170,809
2170,814
2171,812
2171,2176
2171,2254
2171,2255
2171,2256
2172,1785
2172,2047
2172,2173
2172,2174
2172,2257
2174,2047
2174,2172
2174,2173
2175,439
2175,2047
2175,2258
2175,2259
2175,2260
2176,1784
2177,978
2177,979
2177,2059
2177,2178
2177,2179
2178,977
2178,979
2178,2059
2178,2177
2178,2179
2179,978
2179,979
2179,2059
2179,2177
2179,2178
2180,1068
2180,1090
2180,2073
2180,2074
2180,2075
2181,2078
2181,2261
2181,2262
2181,2263
2181,2264
2182,2181
2182,2263
2182,2264
2182,2318
2183,952
2183,966
2183,1849
2184,966
2184,1849
2184,2079
2184,2185
2185,966
2185,1849
2185,2184
2186,2080
2186,2187
2187,2186
2188,2265
2188,2266
2188,2267
2189,215
2189,2087
2189,2270
2190,2188
2190,2265
2190,2266
2190,2267
2190,2268
2191,2265
2192,2087
2192,2269
2192,2270
2192,2271
2192,2272
2193,2090
2194,257
2194,801
2194,1778
2194,1780
2195,204
2195,414
2195,737
2196,366
2196,2090
2197,1864
2197,1866
2197,1867
2197,1868
2197,2094
2198,2103
2199,2273
2199,2274
2199,2275
2199,2276
2199,2277
2200,1013
2200,1452
2200,2103
2200,2104
2201,1897
2201,2103
2201,2105
2201,2106
2201,2203
2202,2106
2202,2201
2202,2203
2202,2204
2203,1897
2203,2105
2203,2106
2203,2201
2203,2202
2204,1452
2204,2104
2204,2203
2205,2206
2206,2205
2207,2109
2207,2209
2207,2211
2207,2278
2207,2279
2208,2109
2208,2326
2209,2207
2209,2280
2209,2281
2209,2282
2209,2283
2210,2109
2210,2207
2210,2279
2210,2284
2210,2285
2211,2109
2211,2207
2211,2209
2211,2279
2212,1906
2212,2215
2213,2110
2213,2212
2214,2111
2215,1906
2215,2111
2215,2112
2215,2214
2216,1906
2216,2111
2216,2112
2216,2215
2216,2286
2217,2111
2217,2214
2218,2111
2219,1085
2219,1907
2219,1908
2219,2115
2219,2116
2220,27
2220,2117
2220,2222
2221,2117
2221,2220
2221,2222
2222,2117
2222,2287
2222,2288
2222,2289
2222,2290
2223,2293
2224,1936
2224,2128
2224,2225
2224,2291
2224,2292
2225,2224
2226,2127
2226,2128
2226,2293
2226,2294
2227,1162
2227,2130
2227,2131
2228,2133
2228,2229
2228,2295
2228,2296
2228,2297
2229,2133
2229,2228
2229,2295
2230,2295
2230,2296
2230,2298
2230,2299
2230,2300
2232,2133
2233,2134
2233,2235
2233,2236
2234,1953
2234,2134
2234,2135
2234,2138
2235,2134
2235,2233
2235,2236
2236,2134
2236,2233
2236,2235
2237,312
2237,1227
2237,1960
2237,2140
2238,346
2238,909
2238,1227
2238,1959
2238,2140
2239,2142
2239,2241
2239,2303
2239,2304
2240,2142
2240,2239
2240,2241
2240,2301
2240,2302
2241,2142
2241,2239
2241,2303
2241,2304
2241,2305
2242,492
2243,356
2243,532
2243,972
2244,972
2244,1851
2244,2306
2244,2307
2244,2308
2245,2244
2246,972
2246,1885
2246,2307
2246,2309
2246,2310
2247,1277
2247,1972
2247,1974
2247,2154
2248,1982
2248,2158
2248,2159
2248,2160
2249,2159
2250,2157
2251,99
2251,445
2251,1248
2251,2253
2252,2021
2252,2164
2252,2251
2252,2253
2252,2313
2253,2164
2253,2251
2253,2311
2253,2312
2253,2313
2254,812
2254,2171
2254,2255
2255,812
2255,2171
2255,2254
2255,2339
2256,2171
2257,15
2257,68
2258,2175
2258,2257
2258,2259
2259,2175
2259,2258
2259,2314
2259,2315
2259,2316
2260,120
2261,2078
2261,2262
2261,2263
2261,2264
2261,2317
2262,2078
2262,2181
2262,2261
2262,2263
2262,2264
2263,2181
2263,2182
2263,2261
2263,2264
2263,2318
2264,2078
2264,2182
2264,2261
2264,2262
2264,2263
2265,2190
2265,2267
2265,2319
2265,2342
2265,2352
2266,2267
2266,2268
2266,2319
2266,2321
2267,2266
2267,2268
2267,2319
2267,2320
2267,2321
2268,2266
2268,2267
2268,2319
2268,2321
2269,2192
2269,2270
2269,2271
2269,2272
2270,2189
2270,2192
2270,2269
2270,2271
2271,2188
2271,2192
2271,2269
2271,2270
2271,2272
2272,2267
2272,2269
2273,2199
2273,2274
2273,2323
2274,2199
2274,2273
2274,2275
2274,2323
2275,2199
2275,2273
2275,2274
2275,2276
2275,2323
2276,2199
2276,2277
2276,2322
2276,2323
2276,2324
2277,2199
2277,2274
2277,2276
2277,2323
2278,1899
2278,2207
2278,2209
2278,2285
2278,2325
2279,2207
2279,2209
2279,2210
2279,2278
2279,2326
2280,2209
2280,2281
2280,2282
2280,2283
2280,2327
2281,2209
2281,2280
2281,2282
2281,2283
2281,2327
2282,2280
2282,2281
2282,2283
2282,2511
2283,2280
2283,2281
2283,2282
2284,448
2284,766
2284,767
2284,1651
2285,919
2285,2328
2285,2329
2285,2330
2285,2331
2286,1824
2286,2112
2286,2216
2287,1113
2287,2222
2287,2288
2287,2332
2287,2333
2288,931
2288,2117
2288,2222
2288,2287
2289,2222
2289,2290
2290,1836
2290,2222
2290,2289
2291,1936
2291,2126
2291,2224
2292,1936
2292,2226
2293,2127
2294,1936
2294,2128
2294,2226
2294,2293
2295,2133
2295,2230
2295,2296
2295,2298
2295,2299
2296,2295
2296,2298
2296,2299
2297,14
2297,158
2297,2334
2297,2335
2297,2336
2298,2133
2298,2230
2298,2295
2298,2296
2298,2299
2299,2295
2299,2296
2299,2298
2300,2230
2300,2295
2301,2164
2301,2239
2301,2240
2301,2303
2302,2239
2302,2304
2303,2239
2303,2241
2304,204
2304,491
2304,2239
2304,2241
2304,2303
2305,97
2305,1495
2305,2142
2305,2241
2305,2337
2306,1851
2306,2244
2306,2307
2307,2244
2307,2246
2307,2306
2307,2309
2307,2310
2308,1851
2308,2244
2309,1233
2309,1885
2309,2144
2309,2246
2310,532
2310,1026
2310,1230
2310,1233
2310,1885
2311,2164
2311,2251
2311,2253
2311,2312
2311,2313
2312,2164
2312,2251
2312,2252
2312,2253
2312,2311
2313,2164
2313,2251
2313,2253
2313,2311
2314,2175
2314,2176
2314,2259
2314,2315
2315,2176
2315,2259
2315,2314
2316,2315
2316,2338
2316,2339
2316,2340
2316,2341
2318,2078
2318,2181
2318,2182
2318,2263
2319,2266
2319,2267
2319,2321
2320,2190
2320,2267
2320,2319
2320,2321
2320,2342
2321,2266
2321,2267
2321,2268
2322,2276
2322,2277
2322,2324
2323,2199
2323,2273
2323,2274
2323,2275
2324,1118
2324,2276
2325,331
2325,517
2325,518
2325,919
2326,193
2326,1239
2326,2109
2326,2207
2326,2210
2327,2280
2327,2281
2327,2283
2328,919
2328,2285
2329,620
2329,2285
2329,2328
2330,919
2330,2331
2330,2343
2330,2345
2330,2560
2331,919
2331,2330
2331,2343
2331,2344
2331,2345
2332,931
2332,2287
2332,2288
2333,27
2333,2222
2333,2288
2334,2297
2334,2335
2334,2336
2334,2347
2335,2297
2335,2334
2335,2336
2335,2347
2336,2297
2336,2334
2336,2335
2336,2346
2336,2347
2337,330
2337,718
2337,2348
2337,2349
2337,2350
2338,2259
2338,2316
2338,2339
2339,813
2339,2316
2341,2315
2341,2316
2342,2190
2342,2267
2342,2320
2342,2351
2342,2352
2343,2285
2343,2330
2343,2331
2343,2376
2344,919
2344,2331
2344,2345
2344,2353
2344,2354
2345,2353
2345,2354
2345,2358
2345,2359
2345,2361
2346,1862
2346,2297
2346,2334
2346,2335
2346,2336
2347,2297
2347,2335
2347,2336
2348,312
2348,2349
2349,312
2349,2348
2350,2348
2351,2267
2351,2320
2351,2342
2351,2352
2351,2355
2352,2190
2352,2267
2352,2342
2352,2356
2352,2357
2353,2501
2354,2345
2354,2358
2354,2359
2354,2360
2354,2361
2355,2266
2355,2267
2355,2268
2355,2320
2355,2351
2356,2352
2356,2357
2356,2362
2357,2190
2357,2352
2357,2356
2357,2362
2357,2363
2358,2354
2358,2359
2358,2361
2358,2364
2358,2365
2359,2354
2359,2360
2359,2361
2360,2354
2360,2359
2360,2371
2360,2380
2360,2382
2361,2345
2361,2353
2361,2354
2361,2359
2361,2360
2362,2265
2362,2342
2362,2352
2362,2356
2362,2357
2363,2357
2363,2366
2363,2367
2363,2368
2363,2369
2364,2354
2364,2365
2364,2370
2364,2371
2364,2372
2365,2354
2365,2373
2365,2374
2365,2375
2365,2376
2366,2363
2366,2367
2366,2369
2366,2379
2367,2363
2367,2366
2367,2377
2367,2378
2367,2379
2368,2363
2368,2544
2369,2379
2370,2354
2370,2365
2370,2373
2370,2374
2370,2376
2371,2354
2371,2360
2372,2354
2372,2370
2372,2380
2372,2381
2372,2382
2373,2354
2373,2365
2373,2374
2373,2375
2373,2376
2374,2354
2374,2365
2374,2370
2374,2371
2374,2372
2375,2354
2375,2365
2375,2373
2375,2374
2375,2376
2376,2365
2376,2373
2376,2374
2377,2367
2377,2369
2377,2378
2378,2367
2378,2377
2379,2369
2380,2354
2380,2365
2380,2373
2380,2375
2380,2376
2381,2354
2381,2358
2381,2364
2381,2365
2381,2371
2382,2354
2382,2358
2382,2360
2382,2361
2382,2364
2384,701
2384,899
2384,1824
2384,2509
2384,2510
2385,704
2385,1303
2385,1304
2385,1305
2385,2386
2386,1303
2386,1304
2386,1305
2386,2385
2387,726
2387,1283
2387,1309
2387,1354
2387,1752
2388,1310
2388,2389
2388,2390
2388,2391
2389,1310
2389,2388
2389,2390
2389,2391
2389,2392
2390,1310
2390,2388
2390,2389
2390,2391
2390,2392
2391,1310
2391,2388
2391,2389
2391,2390
2392,1310
2392,2388
2392,2389
2392,2390
2392,2391
2393,735
2393,738
2394,151
2394,1322
2394,1323
2395,863
2395,1341
2395,2396
2396,863
2396,1341
2396,2395
2398,1347
2398,1725
2399,1348
2399,2401
2400,875
2400,1348
2400,1349
2401,1348
2402,904
2402,1309
2402,1354
2402,1356
2402,2511
2403,1358
2403,1359
2403,2404
2403,2405
2403,2406
2404,1358
2404,1359
2404,2403
2404,2405
2404,2406
2405,1358
2405,1359
2405,2403
2405,2404
2405,2406
2406,1358
2406,2403
2406,2404
2406,2405
2406,2407
2407,1358
2407,1359
2407,2403
2407,2405
2407,2406
2408,1367
2409,190
2410,1371
2410,2411
2410,2412
2410,2413
2410,2512
2411,1371
2411,2410
2411,2412
2411,2512
2411,2513
2412,1371
2412,2410
2412,2411
2412,2413
2412,2414
2413,1371
2413,2410
2413,2411
2413,2412
2413,2414
2414,1371
2414,2410
2414,2411
2414,2412
2414,2413
2415,7
2415,123
2415,1374
2416,1374
2416,2417
2416,2514
2416,2515
2416,2540
2417,1374
2417,2416
2417,2514
2417,2515
2417,2516
2418,524
2418,797
2418,1022
2418,1379
2419,531
2419,1380
2420,1370
2420,2491
2420,2534
2420,2535
2421,20
2421,314
2421,844
2422,619
2422,953
2423,331
2423,518
2423,625
2424,1714
2425,961
2425,1390
2425,1391
2426,2517
2426,2518
2426,2519
2426,2520
2426,2521
2427,1404
2427,1548
2427,1617
2428,1409
2428,1575
2428,2429
2429,995
2429,1409
2429,1410
2429,1575
2431,2432
2433,1051
2433,1422
2433,1423
2433,1424
2433,2522
2434,342
2434,1151
2434,1425
2434,2584
2435,9
2435,17
2435,1432
2435,1433
2436,9
2436,17
2436,1433
2437,1077
2437,1111
2437,2436
2438,1433
2438,2523
2438,2524
2438,2525
2438,2526
2442,1445
2442,2439
2442,2441
2443,1456
2444,1453
2445,2444
2448,1142
2448,1143
2448,1461
2448,1462
2448,2449
2449,1142
2449,1143
2449,1461
2449,1462
2449,2448
2450,326
2450,717
2450,894
2450,1463
2451,337
2451,785
2451,1154
2451,1468
2451,2452
2452,337
2452,1154
2452,1468
2452,2451
2453,1483
2453,2454
2453,2455
2453,2527
2453,2528
2454,194
2454,774
2454,1483
2455,1483
2456,1485
2456,1486
2456,1487
2456,1488
2457,1490
2457,2458
2457,2459
2458,1490
2458,2457
2459,2457
2460,1208
2460,1493
2460,1712
2461,1085
2463,1500
2463,1501
2463,1502
2463,1504
2464,1229
2464,1505
2464,2465
2465,1505
2465,2464
2466,2467
2467,1506
2467,2468
2468,801
2468,2467
2469,1506
2470,556
2470,1513
2470,2472
2471,212
2471,1239
2471,1513
2471,1514
2472,556
2472,2470
2473,1519
2473,2474
2473,2475
2473,2529
2474,1519
2474,2473
2474,2475
2474,2529
2475,2473
2475,2474
2475,2529
2475,2530
2475,2531
2476,1519
2476,2473
2478,754
2478,1530
2478,1532
2478,2489
2478,2532
2479,1286
2479,1533
2479,2480
2480,1286
2480,1533
2480,2479
2481,699
2481,1298
2481,1540
2481,1542
2482,1307
2482,1402
2482,1547
2482,1548
2482,2483
2483,982
2483,983
2483,1307
2483,1402
2483,1548
2484,176
2487,1329
2487,1332
2487,1556
2488,435
2488,754
2488,1224
2488,1563
2489,435
2489,754
2489,1532
2489,2532
2489,2533
2490,929
2490,1566
2490,1567
2491,928
2491,929
2491,1370
2491,2534
2491,2535
2492,1495
2492,1593
2492,2132
2493,1213
2493,1495
2493,1593
2493,2492
2494,1590
2495,1590
2495,1594
2495,2494
2496,1617
2496,2497
2496,2498
2496,2499
2497,1617
2497,2496
2497,2498
2497,2499
2498,1402
2498,1549
2498,1855
2498,2499
2499,1617
2499,2496
2499,2497
2499,2498
2503,1579
2503,1630
2504,2353
2504,2501
2505,2353
2505,2501
2506,1631
2506,1632
2506,1633
2506,2501
2506,2560
2507,1634
2507,2504
2507,2508
2508,1633
2508,1634
2508,2504
2509,303
2509,701
2509,1824
2509,2384
2510,899
2510,1824
2510,2384
2511,726
2511,1354
2511,2282
2511,2283
2512,1371
2512,2536
2512,2537
2512,2538
2512,2539
2513,1371
2513,2410
2513,2411
2513,2412
2513,2414
2514,1374
2514,2416
2514,2417
2514,2515
2514,2540
2515,2416
2515,2417
2515,2514
2515,2540
2516,2416
2516,2417
2516,2514
2517,2426
2517,2518
2517,2519
2517,2520
2517,2521
2518,2426
2518,2521
2519,976
2519,2426
2519,2517
2519,2518
2519,2520
2520,2426
2520,2517
2520,2518
2520,2519
2520,2521
2521,2426
2521,2517
2521,2518
2522,76
2522,121
2522,302
2522,2433
2523,2435
2523,2438
2523,2524
2523,2526
2523,2541
2524,2523
2524,2525
2524,2526
2525,2438
2525,2523
2525,2524
2526,2438
2526,2523
2526,2524
2527,1199
2527,1483
2528,1088
2529,2473
2529,2474
2529,2475
2529,2531
2531,2086
2531,2475
2531,2542
2531,2543
2531,2544
2532,754
2532,1508
2532,1530
2532,1532
2532,2489
2533,1532
2533,1954
2533,2489
2534,928
2534,2420
2534,2491
2534,2535
2535,1370
2535,2420
2535,2491
2535,2534
2536,2512
2536,2537
2536,2538
2537,2512
2537,2536
2538,2512
2538,2536
2538,2537
2539,2538
2540,1374
2540,2416
2540,2417
2540,2514
2541,2523
2542,2086
2542,2531
2542,2543
2542,2549
2543,2086
2543,2544
2543,2545
2543,2546
2543,2547
2544,2530
2544,2547
2545,2086
2545,2543
2545,2544
2545,2548
2545,2549
2547,1498
2547,1499
2547,2543
2547,2544
2548,2530
2548,2544
2548,2545
2549,2544
2550,147
2550,606
2550,607
2550,835
2550,2595
2551,611
2551,2552
2551,2553
2551,2555
2552,611
2552,2551
2552,2553
2552,2554
2553,97
2553,611
2553,2552
2553,2554
2554,611
2554,2551
2554,2552
2554,2553
2555,5
2555,210
2555,480
2555,481
2556,616
2556,1070
2557,1896
2558,33
2558,93
2558,151
2558,331
2558,848
2559,205
2559,206
2559,207
2559,641
2559,866
2560,2353
2560,2501
2560,2506
2561,18
2561,34
2561,152
2561,311
2561,680
2562,165
2562,167
2562,680
2562,955
2563,449
2563,1241
2563,1964
2564,691
2565,691
2566,1647
2566,1648
2566,2567
2567,1647
2567,1648
2567,2566
2568,234
2569,747
2569,748
2569,911
2569,1006
2569,1757
2570,8
2570,22
2570,37
2570,2571
2570,2572
2571,86
2571,270
2571,753
2571,2570
2571,2572
2572,22
2572,2570
2572,2571
2573,114
2573,435
2573,757
2573,1286
2574,758
2574,760
2574,2575
2575,2011
2576,758
2576,760
2576,810
2576,939
2577,769
2578,464
2578,770
2578,771
2579,191
2579,469
2579,776
2579,2620
2579,2621
2580,477
2580,782
2580,783
2580,2581
2581,782
2581,2580
2582,782
2582,783
2582,2581
2583,782
2584,336
2584,337
2584,785
2584,1584
2585,302
2585,303
2585,403
2585,1151
2585,2584
2586,787
2586,2588
2586,2589
2587,787
2588,787
2588,2586
2588,2589
2589,2586
2589,2588
2590,33
2591,814
2593,210
2593,565
2593,828
2594,210
2594,593
2594,828
2595,147
2595,605
2595,607
2595,835
2595,2550
2596,99
2596,837
2596,2597
2597,837
2597,2596
2598,368
2598,615
2598,840
2598,841
2599,22
2599,302
2599,303
2599,1576
2599,1824
2600,8
2600,21
2600,23
2600,99
2600,1164
2601,281
2601,482
2601,866
2601,867
2601,1806
2602,482
2602,867
2602,1035
2603,791
2603,880
2603,881
2603,978
2603,979
2604,342
2604,355
2604,703
2604,884
2604,886
2605,342
2605,696
2605,885
2605,1158
2607,900
2607,2608
2607,2609
2608,900
2608,2607
2608,2609
2609,303
2609,594
2610,279
2610,905
2610,2613
2611,905
2611,1271
2611,2602
2612,905
2613,2610
2613,2614
2614,2610
2614,2613
2615,908
2615,909
2615,1229
2618,432
2618,435
2618,755
2618,756
2618,916
2619,435
2619,754
2619,916
2619,1958
2620,925
2620,1872
2620,2621
2621,191
2621,469
2621,2579
2621,2620
2622,792
2622,794
2622,795
2622,933
2623,950
2624,35
2624,54
2624,60
2624,163
2624,950
2625,35
2626,954
2626,2627
2627,954
2627,966
2627,2626
2628,958
2628,1759
2629,851
2629,960
2629,1390
2630,960
2630,1393
2630,2629
2630,2631
2631,960
2632,851
2632,960
2632,2629
2632,2631
2633,952
2633,966
2633,1040
2633,1082
2635,964
2635,2078
2635,2257
2636,967
2636,2637
2637,967
2638,617
2638,967
2638,2636
2638,2637
2638,2640
2639,967
2639,2637
2641,970
2641,2643
2641,2644
2641,2645
2642,820
2642,1791
2643,1791
2643,2644
2643,2645
2644,970
2644,2643
2644,2645
2645,970
2645,2643
2645,2644
2646,880
2646,881
2646,976
2646,979
2646,980
2647,881
2647,976
2647,978
2647,979
